month,age_label,event_order,start_time,end_time,event_type,event_name,details,target_total_sleep_24h,target_naps_per_day,approx_wake_window,source_urls
0,0 месяцев,1,07:00,07:30,кормление/уход,"Подъём, молоко, смена подгузника",Кормление по требованию; дневной свет утром.,14-17+ ч,5-8+,30-75 мин,https://iris.who.int/bitstreams/60a1cbaa-2bef-4251-9557-e52ce22112b3/download; https://www.cdc.gov/sleep/about/index.html; https://www.healthychildren.org/English/ages-stages/baby/sleep/Pages/a-parents-guide-to-safe-sleep.aspx
0,0 месяцев,2,07:30,09:00,сон,Сон 1,"На спине, на ровной твёрдой поверхности, без подушек/одеял.",14-17+ ч,5-8+,30-75 мин,https://iris.who.int/bitstreams/60a1cbaa-2bef-4251-9557-e52ce22112b3/download; https://www.cdc.gov/sleep/about/index.html; https://www.healthychildren.org/English/ages-stages/baby/sleep/Pages/a-parents-guide-to-safe-sleep.aspx
0,0 месяцев,3,09:00,09:45,игра/контакт,Кормление + контакт,"Разговор, кожа-к-коже, 1-3 минуты tummy time, если ребёнок спокоен.",14-17+ ч,5-8+,30-75 мин,https://iris.who.int/bitstreams/60a1cbaa-2bef-4251-9557-e52ce22112b3/download; https://www.cdc.gov/sleep/about/index.html; https://www.healthychildren.org/English/ages-stages/baby/sleep/Pages/a-parents-guide-to-safe-sleep.aspx
0,0 месяцев,4,09:45,11:30,сон,Сон 2,Гибкий сон; не держать строго по часам.,14-17+ ч,5-8+,30-75 мин,https://iris.who.int/bitstreams/60a1cbaa-2bef-4251-9557-e52ce22112b3/download; https://www.cdc.gov/sleep/about/index.html; https://www.healthychildren.org/English/ages-stages/baby/sleep/Pages/a-parents-guide-to-safe-sleep.aspx
0,0 месяцев,5,11:30,12:00,кормление/уход,Кормление,"Пауза на отрыжку, смена.",14-17+ ч,5-8+,30-75 мин,https://iris.who.int/bitstreams/60a1cbaa-2bef-4251-9557-e52ce22112b3/download; https://www.cdc.gov/sleep/about/index.html; https://www.healthychildren.org/English/ages-stages/baby/sleep/Pages/a-parents-guide-to-safe-sleep.aspx
0,0 месяцев,6,12:00,14:00,сон,Сон 3,"Можно в коляске на прогулке, если безопасно и ребёнок под присмотром.",14-17+ ч,5-8+,30-75 мин,https://iris.who.int/bitstreams/60a1cbaa-2bef-4251-9557-e52ce22112b3/download; https://www.cdc.gov/sleep/about/index.html; https://www.healthychildren.org/English/ages-stages/baby/sleep/Pages/a-parents-guide-to-safe-sleep.aspx
0,0 месяцев,7,14:00,14:45,прогулка/контакт,Кормление + короткая прогулка,10-30 минут по погоде; избегать перегрева.,14-17+ ч,5-8+,30-75 мин,https://iris.who.int/bitstreams/60a1cbaa-2bef-4251-9557-e52ce22112b3/download; https://www.cdc.gov/sleep/about/index.html; https://www.healthychildren.org/English/ages-stages/baby/sleep/Pages/a-parents-guide-to-safe-sleep.aspx
0,0 месяцев,8,14:45,16:30,сон,Сон 4,Гибко.,14-17+ ч,5-8+,30-75 мин,https://iris.who.int/bitstreams/60a1cbaa-2bef-4251-9557-e52ce22112b3/download; https://www.cdc.gov/sleep/about/index.html; https://www.healthychildren.org/English/ages-stages/baby/sleep/Pages/a-parents-guide-to-safe-sleep.aspx
0,0 месяцев,9,16:30,17:00,кормление/уход,Кормление,"Мягкий свет, спокойный контакт.",14-17+ ч,5-8+,30-75 мин,https://iris.who.int/bitstreams/60a1cbaa-2bef-4251-9557-e52ce22112b3/download; https://www.cdc.gov/sleep/about/index.html; https://www.healthychildren.org/English/ages-stages/baby/sleep/Pages/a-parents-guide-to-safe-sleep.aspx
0,0 месяцев,10,17:00,18:30,сон,Сон 5,Поздний сон может быть коротким.,14-17+ ч,5-8+,30-75 мин,https://iris.who.int/bitstreams/60a1cbaa-2bef-4251-9557-e52ce22112b3/download; https://www.cdc.gov/sleep/about/index.html; https://www.healthychildren.org/English/ages-stages/baby/sleep/Pages/a-parents-guide-to-safe-sleep.aspx
0,0 месяцев,11,18:30,20:00,вечерний ритуал,"Кормление, тишина, подготовка ко сну",Приглушить свет; без экранов рядом.,14-17+ ч,5-8+,30-75 мин,https://iris.who.int/bitstreams/60a1cbaa-2bef-4251-9557-e52ce22112b3/download; https://www.cdc.gov/sleep/about/index.html; https://www.healthychildren.org/English/ages-stages/baby/sleep/Pages/a-parents-guide-to-safe-sleep.aspx
0,0 месяцев,12,20:00,07:00,ночь,Ночной сон с кормлениями,Ночные кормления по требованию.,14-17+ ч,5-8+,30-75 мин,https://iris.who.int/bitstreams/60a1cbaa-2bef-4251-9557-e52ce22112b3/download; https://www.cdc.gov/sleep/about/index.html; https://www.healthychildren.org/English/ages-stages/baby/sleep/Pages/a-parents-guide-to-safe-sleep.aspx
1,1 месяц,1,07:00,07:30,кормление/уход,"Подъём, молоко, смена подгузника",Кормление по требованию; дневной свет утром.,14-17+ ч,5-8+,30-75 мин,https://iris.who.int/bitstreams/60a1cbaa-2bef-4251-9557-e52ce22112b3/download; https://www.cdc.gov/sleep/about/index.html; https://www.healthychildren.org/English/ages-stages/baby/sleep/Pages/a-parents-guide-to-safe-sleep.aspx
1,1 месяц,2,07:30,09:00,сон,Сон 1,"На спине, на ровной твёрдой поверхности, без подушек/одеял.",14-17+ ч,5-8+,30-75 мин,https://iris.who.int/bitstreams/60a1cbaa-2bef-4251-9557-e52ce22112b3/download; https://www.cdc.gov/sleep/about/index.html; https://www.healthychildren.org/English/ages-stages/baby/sleep/Pages/a-parents-guide-to-safe-sleep.aspx
1,1 месяц,3,09:00,09:45,игра/контакт,Кормление + контакт,"Разговор, кожа-к-коже, 1-3 минуты tummy time, если ребёнок спокоен.",14-17+ ч,5-8+,30-75 мин,https://iris.who.int/bitstreams/60a1cbaa-2bef-4251-9557-e52ce22112b3/download; https://www.cdc.gov/sleep/about/index.html; https://www.healthychildren.org/English/ages-stages/baby/sleep/Pages/a-parents-guide-to-safe-sleep.aspx
1,1 месяц,4,09:45,11:30,сон,Сон 2,Гибкий сон; не держать строго по часам.,14-17+ ч,5-8+,30-75 мин,https://iris.who.int/bitstreams/60a1cbaa-2bef-4251-9557-e52ce22112b3/download; https://www.cdc.gov/sleep/about/index.html; https://www.healthychildren.org/English/ages-stages/baby/sleep/Pages/a-parents-guide-to-safe-sleep.aspx
1,1 месяц,5,11:30,12:00,кормление/уход,Кормление,"Пауза на отрыжку, смена.",14-17+ ч,5-8+,30-75 мин,https://iris.who.int/bitstreams/60a1cbaa-2bef-4251-9557-e52ce22112b3/download; https://www.cdc.gov/sleep/about/index.html; https://www.healthychildren.org/English/ages-stages/baby/sleep/Pages/a-parents-guide-to-safe-sleep.aspx
1,1 месяц,6,12:00,14:00,сон,Сон 3,"Можно в коляске на прогулке, если безопасно и ребёнок под присмотром.",14-17+ ч,5-8+,30-75 мин,https://iris.who.int/bitstreams/60a1cbaa-2bef-4251-9557-e52ce22112b3/download; https://www.cdc.gov/sleep/about/index.html; https://www.healthychildren.org/English/ages-stages/baby/sleep/Pages/a-parents-guide-to-safe-sleep.aspx
1,1 месяц,7,14:00,14:45,прогулка/контакт,Кормление + короткая прогулка,10-30 минут по погоде; избегать перегрева.,14-17+ ч,5-8+,30-75 мин,https://iris.who.int/bitstreams/60a1cbaa-2bef-4251-9557-e52ce22112b3/download; https://www.cdc.gov/sleep/about/index.html; https://www.healthychildren.org/English/ages-stages/baby/sleep/Pages/a-parents-guide-to-safe-sleep.aspx
1,1 месяц,8,14:45,16:30,сон,Сон 4,Гибко.,14-17+ ч,5-8+,30-75 мин,https://iris.who.int/bitstreams/60a1cbaa-2bef-4251-9557-e52ce22112b3/download; https://www.cdc.gov/sleep/about/index.html; https://www.healthychildren.org/English/ages-stages/baby/sleep/Pages/a-parents-guide-to-safe-sleep.aspx
1,1 месяц,9,16:30,17:00,кормление/уход,Кормление,"Мягкий свет, спокойный контакт.",14-17+ ч,5-8+,30-75 мин,https://iris.who.int/bitstreams/60a1cbaa-2bef-4251-9557-e52ce22112b3/download; https://www.cdc.gov/sleep/about/index.html; https://www.healthychildren.org/English/ages-stages/baby/sleep/Pages/a-parents-guide-to-safe-sleep.aspx
1,1 месяц,10,17:00,18:30,сон,Сон 5,Поздний сон может быть коротким.,14-17+ ч,5-8+,30-75 мин,https://iris.who.int/bitstreams/60a1cbaa-2bef-4251-9557-e52ce22112b3/download; https://www.cdc.gov/sleep/about/index.html; https://www.healthychildren.org/English/ages-stages/baby/sleep/Pages/a-parents-guide-to-safe-sleep.aspx
1,1 месяц,11,18:30,20:00,вечерний ритуал,"Кормление, тишина, подготовка ко сну",Приглушить свет; без экранов рядом.,14-17+ ч,5-8+,30-75 мин,https://iris.who.int/bitstreams/60a1cbaa-2bef-4251-9557-e52ce22112b3/download; https://www.cdc.gov/sleep/about/index.html; https://www.healthychildren.org/English/ages-stages/baby/sleep/Pages/a-parents-guide-to-safe-sleep.aspx
1,1 месяц,12,20:00,07:00,ночь,Ночной сон с кормлениями,Ночные кормления по требованию.,14-17+ ч,5-8+,30-75 мин,https://iris.who.int/bitstreams/60a1cbaa-2bef-4251-9557-e52ce22112b3/download; https://www.cdc.gov/sleep/about/index.html; https://www.healthychildren.org/English/ages-stages/baby/sleep/Pages/a-parents-guide-to-safe-sleep.aspx
2,2 месяцев,1,07:00,07:45,кормление/уход,"Подъём, молоко","Светлое утро, смена.",14-17 ч,4-6,60-90 мин,https://iris.who.int/bitstreams/60a1cbaa-2bef-4251-9557-e52ce22112b3/download; https://www.cdc.gov/sleep/about/index.html; https://www.healthychildren.org/English/ages-stages/baby/sleep/Pages/a-parents-guide-to-safe-sleep.aspx
2,2 месяцев,2,07:45,08:15,игра,Мягкая игра,"Лицо к лицу, разговор, 2-5 минут tummy time.",14-17 ч,4-6,60-90 мин,https://iris.who.int/bitstreams/60a1cbaa-2bef-4251-9557-e52ce22112b3/download; https://www.cdc.gov/sleep/about/index.html; https://www.healthychildren.org/English/ages-stages/baby/sleep/Pages/a-parents-guide-to-safe-sleep.aspx
2,2 месяцев,3,08:15,10:00,сон,Сон 1,,14-17 ч,4-6,60-90 мин,https://iris.who.int/bitstreams/60a1cbaa-2bef-4251-9557-e52ce22112b3/download; https://www.cdc.gov/sleep/about/index.html; https://www.healthychildren.org/English/ages-stages/baby/sleep/Pages/a-parents-guide-to-safe-sleep.aspx
2,2 месяцев,4,10:00,10:45,кормление/уход,Молоко,,14-17 ч,4-6,60-90 мин,https://iris.who.int/bitstreams/60a1cbaa-2bef-4251-9557-e52ce22112b3/download; https://www.cdc.gov/sleep/about/index.html; https://www.healthychildren.org/English/ages-stages/baby/sleep/Pages/a-parents-guide-to-safe-sleep.aspx
2,2 месяцев,5,10:45,11:30,игра/прогулка,Прогулка или коврик,Короткая прогулка 20-45 минут или спокойная игра.,14-17 ч,4-6,60-90 мин,https://iris.who.int/bitstreams/60a1cbaa-2bef-4251-9557-e52ce22112b3/download; https://www.cdc.gov/sleep/about/index.html; https://www.healthychildren.org/English/ages-stages/baby/sleep/Pages/a-parents-guide-to-safe-sleep.aspx
2,2 месяцев,6,11:30,13:15,сон,Сон 2,,14-17 ч,4-6,60-90 мин,https://iris.who.int/bitstreams/60a1cbaa-2bef-4251-9557-e52ce22112b3/download; https://www.cdc.gov/sleep/about/index.html; https://www.healthychildren.org/English/ages-stages/baby/sleep/Pages/a-parents-guide-to-safe-sleep.aspx
2,2 месяцев,7,13:15,14:00,кормление/уход,Молоко,,14-17 ч,4-6,60-90 мин,https://iris.who.int/bitstreams/60a1cbaa-2bef-4251-9557-e52ce22112b3/download; https://www.cdc.gov/sleep/about/index.html; https://www.healthychildren.org/English/ages-stages/baby/sleep/Pages/a-parents-guide-to-safe-sleep.aspx
2,2 месяцев,8,14:00,14:45,игра,Коврик/контакт,"Песенки, контрастные картинки.",14-17 ч,4-6,60-90 мин,https://iris.who.int/bitstreams/60a1cbaa-2bef-4251-9557-e52ce22112b3/download; https://www.cdc.gov/sleep/about/index.html; https://www.healthychildren.org/English/ages-stages/baby/sleep/Pages/a-parents-guide-to-safe-sleep.aspx
2,2 месяцев,9,14:45,16:30,сон,Сон 3,,14-17 ч,4-6,60-90 мин,https://iris.who.int/bitstreams/60a1cbaa-2bef-4251-9557-e52ce22112b3/download; https://www.cdc.gov/sleep/about/index.html; https://www.healthychildren.org/English/ages-stages/baby/sleep/Pages/a-parents-guide-to-safe-sleep.aspx
2,2 месяцев,10,16:30,17:15,кормление/уход,Молоко,,14-17 ч,4-6,60-90 мин,https://iris.who.int/bitstreams/60a1cbaa-2bef-4251-9557-e52ce22112b3/download; https://www.cdc.gov/sleep/about/index.html; https://www.healthychildren.org/English/ages-stages/baby/sleep/Pages/a-parents-guide-to-safe-sleep.aspx
2,2 месяцев,11,17:15,18:00,игра,Спокойная игра,Не перегружать вечером.,14-17 ч,4-6,60-90 мин,https://iris.who.int/bitstreams/60a1cbaa-2bef-4251-9557-e52ce22112b3/download; https://www.cdc.gov/sleep/about/index.html; https://www.healthychildren.org/English/ages-stages/baby/sleep/Pages/a-parents-guide-to-safe-sleep.aspx
2,2 месяцев,12,18:00,18:45,сон,Сон 4 короткий,,14-17 ч,4-6,60-90 мин,https://iris.who.int/bitstreams/60a1cbaa-2bef-4251-9557-e52ce22112b3/download; https://www.cdc.gov/sleep/about/index.html; https://www.healthychildren.org/English/ages-stages/baby/sleep/Pages/a-parents-guide-to-safe-sleep.aspx
2,2 месяцев,13,18:45,20:00,вечерний ритуал,"Молоко, купание/умывание, книга/песня",Ритуал короткий и повторяемый.,14-17 ч,4-6,60-90 мин,https://iris.who.int/bitstreams/60a1cbaa-2bef-4251-9557-e52ce22112b3/download; https://www.cdc.gov/sleep/about/index.html; https://www.healthychildren.org/English/ages-stages/baby/sleep/Pages/a-parents-guide-to-safe-sleep.aspx
2,2 месяцев,14,20:00,07:00,ночь,Ночной сон с кормлениями,Обычно ещё есть ночные кормления.,14-17 ч,4-6,60-90 мин,https://iris.who.int/bitstreams/60a1cbaa-2bef-4251-9557-e52ce22112b3/download; https://www.cdc.gov/sleep/about/index.html; https://www.healthychildren.org/English/ages-stages/baby/sleep/Pages/a-parents-guide-to-safe-sleep.aspx
3,3 месяцев,1,07:00,08:30,утро,Молоко + игра,"Tummy time короткими подходами, разговор.",14-17 ч,4-5,75-105 мин,https://iris.who.int/bitstreams/60a1cbaa-2bef-4251-9557-e52ce22112b3/download; https://www.cdc.gov/sleep/about/index.html; https://www.healthychildren.org/English/ages-stages/baby/sleep/Pages/a-parents-guide-to-safe-sleep.aspx
3,3 месяцев,2,08:30,10:00,сон,Сон 1,,14-17 ч,4-5,75-105 мин,https://iris.who.int/bitstreams/60a1cbaa-2bef-4251-9557-e52ce22112b3/download; https://www.cdc.gov/sleep/about/index.html; https://www.healthychildren.org/English/ages-stages/baby/sleep/Pages/a-parents-guide-to-safe-sleep.aspx
3,3 месяцев,3,10:00,11:45,кормление/игра,Молоко + прогулка,Прогулка 30-60 минут.,14-17 ч,4-5,75-105 мин,https://iris.who.int/bitstreams/60a1cbaa-2bef-4251-9557-e52ce22112b3/download; https://www.cdc.gov/sleep/about/index.html; https://www.healthychildren.org/English/ages-stages/baby/sleep/Pages/a-parents-guide-to-safe-sleep.aspx
3,3 месяцев,4,11:45,13:15,сон,Сон 2,,14-17 ч,4-5,75-105 мин,https://iris.who.int/bitstreams/60a1cbaa-2bef-4251-9557-e52ce22112b3/download; https://www.cdc.gov/sleep/about/index.html; https://www.healthychildren.org/English/ages-stages/baby/sleep/Pages/a-parents-guide-to-safe-sleep.aspx
3,3 месяцев,5,13:15,15:00,кормление/игра,Молоко + коврик,"Игрушки на расстоянии, слежение глазами.",14-17 ч,4-5,75-105 мин,https://iris.who.int/bitstreams/60a1cbaa-2bef-4251-9557-e52ce22112b3/download; https://www.cdc.gov/sleep/about/index.html; https://www.healthychildren.org/English/ages-stages/baby/sleep/Pages/a-parents-guide-to-safe-sleep.aspx
3,3 месяцев,6,15:00,16:15,сон,Сон 3,,14-17 ч,4-5,75-105 мин,https://iris.who.int/bitstreams/60a1cbaa-2bef-4251-9557-e52ce22112b3/download; https://www.cdc.gov/sleep/about/index.html; https://www.healthychildren.org/English/ages-stages/baby/sleep/Pages/a-parents-guide-to-safe-sleep.aspx
3,3 месяцев,7,16:15,17:45,кормление/игра,Молоко + спокойная активность,,14-17 ч,4-5,75-105 мин,https://iris.who.int/bitstreams/60a1cbaa-2bef-4251-9557-e52ce22112b3/download; https://www.cdc.gov/sleep/about/index.html; https://www.healthychildren.org/English/ages-stages/baby/sleep/Pages/a-parents-guide-to-safe-sleep.aspx
3,3 месяцев,8,17:45,18:30,сон,Сон 4 короткий,"Если мешает ночи, постепенно сокращать.",14-17 ч,4-5,75-105 мин,https://iris.who.int/bitstreams/60a1cbaa-2bef-4251-9557-e52ce22112b3/download; https://www.cdc.gov/sleep/about/index.html; https://www.healthychildren.org/English/ages-stages/baby/sleep/Pages/a-parents-guide-to-safe-sleep.aspx
3,3 месяцев,9,18:30,20:00,вечерний ритуал,"Молоко, тёмный свет, укладывание",,14-17 ч,4-5,75-105 мин,https://iris.who.int/bitstreams/60a1cbaa-2bef-4251-9557-e52ce22112b3/download; https://www.cdc.gov/sleep/about/index.html; https://www.healthychildren.org/English/ages-stages/baby/sleep/Pages/a-parents-guide-to-safe-sleep.aspx
3,3 месяцев,10,20:00,07:00,ночь,Ночной сон с кормлениями,,14-17 ч,4-5,75-105 мин,https://iris.who.int/bitstreams/60a1cbaa-2bef-4251-9557-e52ce22112b3/download; https://www.cdc.gov/sleep/about/index.html; https://www.healthychildren.org/English/ages-stages/baby/sleep/Pages/a-parents-guide-to-safe-sleep.aspx
4,4 месяцев,1,07:00,08:45,утро,Молоко + игра,"Коврик, разговор, 5-10 минут tummy time суммарно подходами.",12-16 ч,3-4,1.5-2 ч,https://iris.who.int/bitstreams/60a1cbaa-2bef-4251-9557-e52ce22112b3/download; https://www.cdc.gov/sleep/about/index.html; https://www.healthychildren.org/English/ages-stages/baby/sleep/Pages/a-parents-guide-to-safe-sleep.aspx
4,4 месяцев,2,08:45,10:15,сон,Сон 1,,12-16 ч,3-4,1.5-2 ч,https://iris.who.int/bitstreams/60a1cbaa-2bef-4251-9557-e52ce22112b3/download; https://www.cdc.gov/sleep/about/index.html; https://www.healthychildren.org/English/ages-stages/baby/sleep/Pages/a-parents-guide-to-safe-sleep.aspx
4,4 месяцев,3,10:15,12:00,кормление/прогулка,Молоко + прогулка,Прогулка 45-90 минут.,12-16 ч,3-4,1.5-2 ч,https://iris.who.int/bitstreams/60a1cbaa-2bef-4251-9557-e52ce22112b3/download; https://www.cdc.gov/sleep/about/index.html; https://www.healthychildren.org/English/ages-stages/baby/sleep/Pages/a-parents-guide-to-safe-sleep.aspx
4,4 месяцев,4,12:00,13:30,сон,Сон 2,,12-16 ч,3-4,1.5-2 ч,https://iris.who.int/bitstreams/60a1cbaa-2bef-4251-9557-e52ce22112b3/download; https://www.cdc.gov/sleep/about/index.html; https://www.healthychildren.org/English/ages-stages/baby/sleep/Pages/a-parents-guide-to-safe-sleep.aspx
4,4 месяцев,5,13:30,15:30,кормление/игра,Молоко + активность,"Игрушки для захвата, повороты.",12-16 ч,3-4,1.5-2 ч,https://iris.who.int/bitstreams/60a1cbaa-2bef-4251-9557-e52ce22112b3/download; https://www.cdc.gov/sleep/about/index.html; https://www.healthychildren.org/English/ages-stages/baby/sleep/Pages/a-parents-guide-to-safe-sleep.aspx
4,4 месяцев,6,15:30,16:30,сон,Сон 3,,12-16 ч,3-4,1.5-2 ч,https://iris.who.int/bitstreams/60a1cbaa-2bef-4251-9557-e52ce22112b3/download; https://www.cdc.gov/sleep/about/index.html; https://www.healthychildren.org/English/ages-stages/baby/sleep/Pages/a-parents-guide-to-safe-sleep.aspx
4,4 месяцев,7,16:30,18:00,кормление/тихая игра,Молоко + спокойная игра,,12-16 ч,3-4,1.5-2 ч,https://iris.who.int/bitstreams/60a1cbaa-2bef-4251-9557-e52ce22112b3/download; https://www.cdc.gov/sleep/about/index.html; https://www.healthychildren.org/English/ages-stages/baby/sleep/Pages/a-parents-guide-to-safe-sleep.aspx
4,4 месяцев,8,18:00,18:30,сон,"Сон 4 короткий, если нужен","Можно пропустить, если ребёнок выдерживает вечер.",12-16 ч,3-4,1.5-2 ч,https://iris.who.int/bitstreams/60a1cbaa-2bef-4251-9557-e52ce22112b3/download; https://www.cdc.gov/sleep/about/index.html; https://www.healthychildren.org/English/ages-stages/baby/sleep/Pages/a-parents-guide-to-safe-sleep.aspx
4,4 месяцев,9,18:30,20:00,вечерний ритуал,"Молоко, гигиена, книга/песня",,12-16 ч,3-4,1.5-2 ч,https://iris.who.int/bitstreams/60a1cbaa-2bef-4251-9557-e52ce22112b3/download; https://www.cdc.gov/sleep/about/index.html; https://www.healthychildren.org/English/ages-stages/baby/sleep/Pages/a-parents-guide-to-safe-sleep.aspx
4,4 месяцев,10,20:00,07:00,ночь,Ночной сон,Возможны частые пробуждения из-за перестройки сна.,12-16 ч,3-4,1.5-2 ч,https://iris.who.int/bitstreams/60a1cbaa-2bef-4251-9557-e52ce22112b3/download; https://www.cdc.gov/sleep/about/index.html; https://www.healthychildren.org/English/ages-stages/baby/sleep/Pages/a-parents-guide-to-safe-sleep.aspx
5,5 месяцев,1,07:00,09:00,утро,Молоко + игра,"Игрушки для захвата, перевороты под присмотром.",12-16 ч,3-4,1.75-2.25 ч,https://iris.who.int/bitstreams/60a1cbaa-2bef-4251-9557-e52ce22112b3/download; https://www.cdc.gov/sleep/about/index.html; https://www.healthychildren.org/English/ages-stages/baby/sleep/Pages/a-parents-guide-to-safe-sleep.aspx
5,5 месяцев,2,09:00,10:30,сон,Сон 1,,12-16 ч,3-4,1.75-2.25 ч,https://iris.who.int/bitstreams/60a1cbaa-2bef-4251-9557-e52ce22112b3/download; https://www.cdc.gov/sleep/about/index.html; https://www.healthychildren.org/English/ages-stages/baby/sleep/Pages/a-parents-guide-to-safe-sleep.aspx
5,5 месяцев,3,10:30,12:45,кормление/прогулка,Молоко + прогулка,,12-16 ч,3-4,1.75-2.25 ч,https://iris.who.int/bitstreams/60a1cbaa-2bef-4251-9557-e52ce22112b3/download; https://www.cdc.gov/sleep/about/index.html; https://www.healthychildren.org/English/ages-stages/baby/sleep/Pages/a-parents-guide-to-safe-sleep.aspx
5,5 месяцев,4,12:45,14:15,сон,Сон 2,,12-16 ч,3-4,1.75-2.25 ч,https://iris.who.int/bitstreams/60a1cbaa-2bef-4251-9557-e52ce22112b3/download; https://www.cdc.gov/sleep/about/index.html; https://www.healthychildren.org/English/ages-stages/baby/sleep/Pages/a-parents-guide-to-safe-sleep.aspx
5,5 месяцев,5,14:15,16:30,кормление/игра,Молоко + коврик,,12-16 ч,3-4,1.75-2.25 ч,https://iris.who.int/bitstreams/60a1cbaa-2bef-4251-9557-e52ce22112b3/download; https://www.cdc.gov/sleep/about/index.html; https://www.healthychildren.org/English/ages-stages/baby/sleep/Pages/a-parents-guide-to-safe-sleep.aspx
5,5 месяцев,6,16:30,17:15,сон,Сон 3,,12-16 ч,3-4,1.75-2.25 ч,https://iris.who.int/bitstreams/60a1cbaa-2bef-4251-9557-e52ce22112b3/download; https://www.cdc.gov/sleep/about/index.html; https://www.healthychildren.org/English/ages-stages/baby/sleep/Pages/a-parents-guide-to-safe-sleep.aspx
5,5 месяцев,7,17:15,19:30,вечер,Молоко + спокойная игра + ритуал,"Если нужен 4-й сон, сделать 20-30 минут около 18:00.",12-16 ч,3-4,1.75-2.25 ч,https://iris.who.int/bitstreams/60a1cbaa-2bef-4251-9557-e52ce22112b3/download; https://www.cdc.gov/sleep/about/index.html; https://www.healthychildren.org/English/ages-stages/baby/sleep/Pages/a-parents-guide-to-safe-sleep.aspx
5,5 месяцев,8,19:30,07:00,ночь,Ночной сон,,12-16 ч,3-4,1.75-2.25 ч,https://iris.who.int/bitstreams/60a1cbaa-2bef-4251-9557-e52ce22112b3/download; https://www.cdc.gov/sleep/about/index.html; https://www.healthychildren.org/English/ages-stages/baby/sleep/Pages/a-parents-guide-to-safe-sleep.aspx
6,6 месяцев,1,07:00,08:00,кормление,Молоко,,12-16 ч,3,2-2.5 ч,https://iris.who.int/bitstreams/60a1cbaa-2bef-4251-9557-e52ce22112b3/download; https://www.cdc.gov/sleep/about/index.html; https://www.healthychildren.org/English/ages-stages/baby/sleep/Pages/a-parents-guide-to-safe-sleep.aspx
6,6 месяцев,2,08:00,09:15,еда/игра,Завтрак-прикорм + игра,Если прикорм уже введён; игра на полу.,12-16 ч,3,2-2.5 ч,https://iris.who.int/bitstreams/60a1cbaa-2bef-4251-9557-e52ce22112b3/download; https://www.cdc.gov/sleep/about/index.html; https://www.healthychildren.org/English/ages-stages/baby/sleep/Pages/a-parents-guide-to-safe-sleep.aspx
6,6 месяцев,3,09:15,10:45,сон,Сон 1,,12-16 ч,3,2-2.5 ч,https://iris.who.int/bitstreams/60a1cbaa-2bef-4251-9557-e52ce22112b3/download; https://www.cdc.gov/sleep/about/index.html; https://www.healthychildren.org/English/ages-stages/baby/sleep/Pages/a-parents-guide-to-safe-sleep.aspx
6,6 месяцев,4,10:45,12:30,кормление/прогулка,Молоко + прогулка,,12-16 ч,3,2-2.5 ч,https://iris.who.int/bitstreams/60a1cbaa-2bef-4251-9557-e52ce22112b3/download; https://www.cdc.gov/sleep/about/index.html; https://www.healthychildren.org/English/ages-stages/baby/sleep/Pages/a-parents-guide-to-safe-sleep.aspx
6,6 месяцев,5,12:30,14:00,сон,Сон 2,,12-16 ч,3,2-2.5 ч,https://iris.who.int/bitstreams/60a1cbaa-2bef-4251-9557-e52ce22112b3/download; https://www.cdc.gov/sleep/about/index.html; https://www.healthychildren.org/English/ages-stages/baby/sleep/Pages/a-parents-guide-to-safe-sleep.aspx
6,6 месяцев,6,14:00,16:30,еда/игра,Молоко/прикорм + активность,"Сидение с поддержкой, перекладывание игрушек.",12-16 ч,3,2-2.5 ч,https://iris.who.int/bitstreams/60a1cbaa-2bef-4251-9557-e52ce22112b3/download; https://www.cdc.gov/sleep/about/index.html; https://www.healthychildren.org/English/ages-stages/baby/sleep/Pages/a-parents-guide-to-safe-sleep.aspx
6,6 месяцев,7,16:30,17:00,сон,Сон 3 короткий,,12-16 ч,3,2-2.5 ч,https://iris.who.int/bitstreams/60a1cbaa-2bef-4251-9557-e52ce22112b3/download; https://www.cdc.gov/sleep/about/index.html; https://www.healthychildren.org/English/ages-stages/baby/sleep/Pages/a-parents-guide-to-safe-sleep.aspx
6,6 месяцев,8,17:00,19:30,вечер,"Молоко, ужин-прикорм, спокойные игры",,12-16 ч,3,2-2.5 ч,https://iris.who.int/bitstreams/60a1cbaa-2bef-4251-9557-e52ce22112b3/download; https://www.cdc.gov/sleep/about/index.html; https://www.healthychildren.org/English/ages-stages/baby/sleep/Pages/a-parents-guide-to-safe-sleep.aspx
6,6 месяцев,9,19:30,20:00,ритуал,Вечерний ритуал,,12-16 ч,3,2-2.5 ч,https://iris.who.int/bitstreams/60a1cbaa-2bef-4251-9557-e52ce22112b3/download; https://www.cdc.gov/sleep/about/index.html; https://www.healthychildren.org/English/ages-stages/baby/sleep/Pages/a-parents-guide-to-safe-sleep.aspx
6,6 месяцев,10,20:00,07:00,ночь,Ночной сон,,12-16 ч,3,2-2.5 ч,https://iris.who.int/bitstreams/60a1cbaa-2bef-4251-9557-e52ce22112b3/download; https://www.cdc.gov/sleep/about/index.html; https://www.healthychildren.org/English/ages-stages/baby/sleep/Pages/a-parents-guide-to-safe-sleep.aspx
7,7 месяцев,1,07:00,08:00,кормление,Молоко,,12-16 ч,2-3,2.25-3 ч,https://iris.who.int/bitstreams/60a1cbaa-2bef-4251-9557-e52ce22112b3/download; https://www.cdc.gov/sleep/about/index.html; https://www.healthychildren.org/English/ages-stages/baby/sleep/Pages/a-parents-guide-to-safe-sleep.aspx
7,7 месяцев,2,08:00,09:30,еда/игра,Завтрак + игра,,12-16 ч,2-3,2.25-3 ч,https://iris.who.int/bitstreams/60a1cbaa-2bef-4251-9557-e52ce22112b3/download; https://www.cdc.gov/sleep/about/index.html; https://www.healthychildren.org/English/ages-stages/baby/sleep/Pages/a-parents-guide-to-safe-sleep.aspx
7,7 месяцев,3,09:30,11:00,сон,Сон 1,,12-16 ч,2-3,2.25-3 ч,https://iris.who.int/bitstreams/60a1cbaa-2bef-4251-9557-e52ce22112b3/download; https://www.cdc.gov/sleep/about/index.html; https://www.healthychildren.org/English/ages-stages/baby/sleep/Pages/a-parents-guide-to-safe-sleep.aspx
7,7 месяцев,4,11:00,12:30,кормление/прогулка,Молоко + прогулка,,12-16 ч,2-3,2.25-3 ч,https://iris.who.int/bitstreams/60a1cbaa-2bef-4251-9557-e52ce22112b3/download; https://www.cdc.gov/sleep/about/index.html; https://www.healthychildren.org/English/ages-stages/baby/sleep/Pages/a-parents-guide-to-safe-sleep.aspx
7,7 месяцев,5,12:30,13:30,еда/игра,Обед + игра,,12-16 ч,2-3,2.25-3 ч,https://iris.who.int/bitstreams/60a1cbaa-2bef-4251-9557-e52ce22112b3/download; https://www.cdc.gov/sleep/about/index.html; https://www.healthychildren.org/English/ages-stages/baby/sleep/Pages/a-parents-guide-to-safe-sleep.aspx
7,7 месяцев,6,13:30,15:00,сон,Сон 2,,12-16 ч,2-3,2.25-3 ч,https://iris.who.int/bitstreams/60a1cbaa-2bef-4251-9557-e52ce22112b3/download; https://www.cdc.gov/sleep/about/index.html; https://www.healthychildren.org/English/ages-stages/baby/sleep/Pages/a-parents-guide-to-safe-sleep.aspx
7,7 месяцев,7,15:00,17:00,кормление/игра,Молоко + активность,Ползание/повороты под присмотром.,12-16 ч,2-3,2.25-3 ч,https://iris.who.int/bitstreams/60a1cbaa-2bef-4251-9557-e52ce22112b3/download; https://www.cdc.gov/sleep/about/index.html; https://www.healthychildren.org/English/ages-stages/baby/sleep/Pages/a-parents-guide-to-safe-sleep.aspx
7,7 месяцев,8,17:00,17:30,сон,"Сон 3 короткий, если нужен","Если 2 сна достаточно, убрать.",12-16 ч,2-3,2.25-3 ч,https://iris.who.int/bitstreams/60a1cbaa-2bef-4251-9557-e52ce22112b3/download; https://www.cdc.gov/sleep/about/index.html; https://www.healthychildren.org/English/ages-stages/baby/sleep/Pages/a-parents-guide-to-safe-sleep.aspx
7,7 месяцев,9,17:30,19:30,еда/вечер,Ужин + спокойная игра,,12-16 ч,2-3,2.25-3 ч,https://iris.who.int/bitstreams/60a1cbaa-2bef-4251-9557-e52ce22112b3/download; https://www.cdc.gov/sleep/about/index.html; https://www.healthychildren.org/English/ages-stages/baby/sleep/Pages/a-parents-guide-to-safe-sleep.aspx
7,7 месяцев,10,19:30,20:00,ритуал,Вечерний ритуал,,12-16 ч,2-3,2.25-3 ч,https://iris.who.int/bitstreams/60a1cbaa-2bef-4251-9557-e52ce22112b3/download; https://www.cdc.gov/sleep/about/index.html; https://www.healthychildren.org/English/ages-stages/baby/sleep/Pages/a-parents-guide-to-safe-sleep.aspx
7,7 месяцев,11,20:00,07:00,ночь,Ночной сон,,12-16 ч,2-3,2.25-3 ч,https://iris.who.int/bitstreams/60a1cbaa-2bef-4251-9557-e52ce22112b3/download; https://www.cdc.gov/sleep/about/index.html; https://www.healthychildren.org/English/ages-stages/baby/sleep/Pages/a-parents-guide-to-safe-sleep.aspx
8,8 месяцев,1,07:00,08:00,кормление,Молоко,,12-16 ч,2,2.5-3.25 ч,https://iris.who.int/bitstreams/60a1cbaa-2bef-4251-9557-e52ce22112b3/download; https://www.cdc.gov/sleep/about/index.html; https://www.healthychildren.org/English/ages-stages/baby/sleep/Pages/a-parents-guide-to-safe-sleep.aspx
8,8 месяцев,2,08:00,09:45,еда/игра,Завтрак + активная игра,,12-16 ч,2,2.5-3.25 ч,https://iris.who.int/bitstreams/60a1cbaa-2bef-4251-9557-e52ce22112b3/download; https://www.cdc.gov/sleep/about/index.html; https://www.healthychildren.org/English/ages-stages/baby/sleep/Pages/a-parents-guide-to-safe-sleep.aspx
8,8 месяцев,3,09:45,11:15,сон,Сон 1,,12-16 ч,2,2.5-3.25 ч,https://iris.who.int/bitstreams/60a1cbaa-2bef-4251-9557-e52ce22112b3/download; https://www.cdc.gov/sleep/about/index.html; https://www.healthychildren.org/English/ages-stages/baby/sleep/Pages/a-parents-guide-to-safe-sleep.aspx
8,8 месяцев,4,11:15,12:30,кормление/прогулка,Молоко + прогулка,,12-16 ч,2,2.5-3.25 ч,https://iris.who.int/bitstreams/60a1cbaa-2bef-4251-9557-e52ce22112b3/download; https://www.cdc.gov/sleep/about/index.html; https://www.healthychildren.org/English/ages-stages/baby/sleep/Pages/a-parents-guide-to-safe-sleep.aspx
8,8 месяцев,5,12:30,14:15,еда/игра,Обед + игра,,12-16 ч,2,2.5-3.25 ч,https://iris.who.int/bitstreams/60a1cbaa-2bef-4251-9557-e52ce22112b3/download; https://www.cdc.gov/sleep/about/index.html; https://www.healthychildren.org/English/ages-stages/baby/sleep/Pages/a-parents-guide-to-safe-sleep.aspx
8,8 месяцев,6,14:15,15:45,сон,Сон 2,,12-16 ч,2,2.5-3.25 ч,https://iris.who.int/bitstreams/60a1cbaa-2bef-4251-9557-e52ce22112b3/download; https://www.cdc.gov/sleep/about/index.html; https://www.healthychildren.org/English/ages-stages/baby/sleep/Pages/a-parents-guide-to-safe-sleep.aspx
8,8 месяцев,7,15:45,18:00,кормление/игра,Молоко/перекус + игры,"Контейнеры, мяч, ползание.",12-16 ч,2,2.5-3.25 ч,https://iris.who.int/bitstreams/60a1cbaa-2bef-4251-9557-e52ce22112b3/download; https://www.cdc.gov/sleep/about/index.html; https://www.healthychildren.org/English/ages-stages/baby/sleep/Pages/a-parents-guide-to-safe-sleep.aspx
8,8 месяцев,8,18:00,19:30,еда/вечер,Ужин + спокойные игры,,12-16 ч,2,2.5-3.25 ч,https://iris.who.int/bitstreams/60a1cbaa-2bef-4251-9557-e52ce22112b3/download; https://www.cdc.gov/sleep/about/index.html; https://www.healthychildren.org/English/ages-stages/baby/sleep/Pages/a-parents-guide-to-safe-sleep.aspx
8,8 месяцев,9,19:30,20:00,ритуал,Вечерний ритуал,,12-16 ч,2,2.5-3.25 ч,https://iris.who.int/bitstreams/60a1cbaa-2bef-4251-9557-e52ce22112b3/download; https://www.cdc.gov/sleep/about/index.html; https://www.healthychildren.org/English/ages-stages/baby/sleep/Pages/a-parents-guide-to-safe-sleep.aspx
8,8 месяцев,10,20:00,07:00,ночь,Ночной сон,,12-16 ч,2,2.5-3.25 ч,https://iris.who.int/bitstreams/60a1cbaa-2bef-4251-9557-e52ce22112b3/download; https://www.cdc.gov/sleep/about/index.html; https://www.healthychildren.org/English/ages-stages/baby/sleep/Pages/a-parents-guide-to-safe-sleep.aspx
9,9 месяцев,1,07:00,08:00,утро,"Подъём, молоко",,12-16 ч,2,3-4 ч,https://iris.who.int/bitstreams/60a1cbaa-2bef-4251-9557-e52ce22112b3/download; https://www.cdc.gov/sleep/about/index.html; https://www.healthychildren.org/English/ages-stages/baby/sleep/Pages/a-parents-guide-to-safe-sleep.aspx
9,9 месяцев,2,08:00,10:00,еда/игра,Завтрак + игра,"Игры на причинно-следственные связи, прятки.",12-16 ч,2,3-4 ч,https://iris.who.int/bitstreams/60a1cbaa-2bef-4251-9557-e52ce22112b3/download; https://www.cdc.gov/sleep/about/index.html; https://www.healthychildren.org/English/ages-stages/baby/sleep/Pages/a-parents-guide-to-safe-sleep.aspx
9,9 месяцев,3,10:00,11:15,сон,Сон 1,,12-16 ч,2,3-4 ч,https://iris.who.int/bitstreams/60a1cbaa-2bef-4251-9557-e52ce22112b3/download; https://www.cdc.gov/sleep/about/index.html; https://www.healthychildren.org/English/ages-stages/baby/sleep/Pages/a-parents-guide-to-safe-sleep.aspx
9,9 месяцев,4,11:15,12:30,прогулка,Прогулка,,12-16 ч,2,3-4 ч,https://iris.who.int/bitstreams/60a1cbaa-2bef-4251-9557-e52ce22112b3/download; https://www.cdc.gov/sleep/about/index.html; https://www.healthychildren.org/English/ages-stages/baby/sleep/Pages/a-parents-guide-to-safe-sleep.aspx
9,9 месяцев,5,12:30,14:45,еда/игра,Обед + активность,,12-16 ч,2,3-4 ч,https://iris.who.int/bitstreams/60a1cbaa-2bef-4251-9557-e52ce22112b3/download; https://www.cdc.gov/sleep/about/index.html; https://www.healthychildren.org/English/ages-stages/baby/sleep/Pages/a-parents-guide-to-safe-sleep.aspx
9,9 месяцев,6,14:45,16:00,сон,Сон 2,,12-16 ч,2,3-4 ч,https://iris.who.int/bitstreams/60a1cbaa-2bef-4251-9557-e52ce22112b3/download; https://www.cdc.gov/sleep/about/index.html; https://www.healthychildren.org/English/ages-stages/baby/sleep/Pages/a-parents-guide-to-safe-sleep.aspx
9,9 месяцев,7,16:00,18:00,перекус/игра,Перекус/молоко + игры,"Ходьба с опорой, башни, книжки.",12-16 ч,2,3-4 ч,https://iris.who.int/bitstreams/60a1cbaa-2bef-4251-9557-e52ce22112b3/download; https://www.cdc.gov/sleep/about/index.html; https://www.healthychildren.org/English/ages-stages/baby/sleep/Pages/a-parents-guide-to-safe-sleep.aspx
9,9 месяцев,8,18:00,19:30,еда/вечер,Ужин + спокойное время,,12-16 ч,2,3-4 ч,https://iris.who.int/bitstreams/60a1cbaa-2bef-4251-9557-e52ce22112b3/download; https://www.cdc.gov/sleep/about/index.html; https://www.healthychildren.org/English/ages-stages/baby/sleep/Pages/a-parents-guide-to-safe-sleep.aspx
9,9 месяцев,9,19:30,20:00,ритуал,Книга/ванна/песня,,12-16 ч,2,3-4 ч,https://iris.who.int/bitstreams/60a1cbaa-2bef-4251-9557-e52ce22112b3/download; https://www.cdc.gov/sleep/about/index.html; https://www.healthychildren.org/English/ages-stages/baby/sleep/Pages/a-parents-guide-to-safe-sleep.aspx
9,9 месяцев,10,20:00,07:00,ночь,Ночной сон,,12-16 ч,2,3-4 ч,https://iris.who.int/bitstreams/60a1cbaa-2bef-4251-9557-e52ce22112b3/download; https://www.cdc.gov/sleep/about/index.html; https://www.healthychildren.org/English/ages-stages/baby/sleep/Pages/a-parents-guide-to-safe-sleep.aspx
10,10 месяцев,1,07:00,08:00,утро,"Подъём, молоко",,12-16 ч,2,3-4 ч,https://iris.who.int/bitstreams/60a1cbaa-2bef-4251-9557-e52ce22112b3/download; https://www.cdc.gov/sleep/about/index.html; https://www.healthychildren.org/English/ages-stages/baby/sleep/Pages/a-parents-guide-to-safe-sleep.aspx
10,10 месяцев,2,08:00,10:00,еда/игра,Завтрак + игра,"Игры на причинно-следственные связи, прятки.",12-16 ч,2,3-4 ч,https://iris.who.int/bitstreams/60a1cbaa-2bef-4251-9557-e52ce22112b3/download; https://www.cdc.gov/sleep/about/index.html; https://www.healthychildren.org/English/ages-stages/baby/sleep/Pages/a-parents-guide-to-safe-sleep.aspx
10,10 месяцев,3,10:00,11:15,сон,Сон 1,,12-16 ч,2,3-4 ч,https://iris.who.int/bitstreams/60a1cbaa-2bef-4251-9557-e52ce22112b3/download; https://www.cdc.gov/sleep/about/index.html; https://www.healthychildren.org/English/ages-stages/baby/sleep/Pages/a-parents-guide-to-safe-sleep.aspx
10,10 месяцев,4,11:15,12:30,прогулка,Прогулка,,12-16 ч,2,3-4 ч,https://iris.who.int/bitstreams/60a1cbaa-2bef-4251-9557-e52ce22112b3/download; https://www.cdc.gov/sleep/about/index.html; https://www.healthychildren.org/English/ages-stages/baby/sleep/Pages/a-parents-guide-to-safe-sleep.aspx
10,10 месяцев,5,12:30,14:45,еда/игра,Обед + активность,,12-16 ч,2,3-4 ч,https://iris.who.int/bitstreams/60a1cbaa-2bef-4251-9557-e52ce22112b3/download; https://www.cdc.gov/sleep/about/index.html; https://www.healthychildren.org/English/ages-stages/baby/sleep/Pages/a-parents-guide-to-safe-sleep.aspx
10,10 месяцев,6,14:45,16:00,сон,Сон 2,,12-16 ч,2,3-4 ч,https://iris.who.int/bitstreams/60a1cbaa-2bef-4251-9557-e52ce22112b3/download; https://www.cdc.gov/sleep/about/index.html; https://www.healthychildren.org/English/ages-stages/baby/sleep/Pages/a-parents-guide-to-safe-sleep.aspx
10,10 месяцев,7,16:00,18:00,перекус/игра,Перекус/молоко + игры,"Ходьба с опорой, башни, книжки.",12-16 ч,2,3-4 ч,https://iris.who.int/bitstreams/60a1cbaa-2bef-4251-9557-e52ce22112b3/download; https://www.cdc.gov/sleep/about/index.html; https://www.healthychildren.org/English/ages-stages/baby/sleep/Pages/a-parents-guide-to-safe-sleep.aspx
10,10 месяцев,8,18:00,19:30,еда/вечер,Ужин + спокойное время,,12-16 ч,2,3-4 ч,https://iris.who.int/bitstreams/60a1cbaa-2bef-4251-9557-e52ce22112b3/download; https://www.cdc.gov/sleep/about/index.html; https://www.healthychildren.org/English/ages-stages/baby/sleep/Pages/a-parents-guide-to-safe-sleep.aspx
10,10 месяцев,9,19:30,20:00,ритуал,Книга/ванна/песня,,12-16 ч,2,3-4 ч,https://iris.who.int/bitstreams/60a1cbaa-2bef-4251-9557-e52ce22112b3/download; https://www.cdc.gov/sleep/about/index.html; https://www.healthychildren.org/English/ages-stages/baby/sleep/Pages/a-parents-guide-to-safe-sleep.aspx
10,10 месяцев,10,20:00,07:00,ночь,Ночной сон,,12-16 ч,2,3-4 ч,https://iris.who.int/bitstreams/60a1cbaa-2bef-4251-9557-e52ce22112b3/download; https://www.cdc.gov/sleep/about/index.html; https://www.healthychildren.org/English/ages-stages/baby/sleep/Pages/a-parents-guide-to-safe-sleep.aspx
11,11 месяцев,1,07:00,08:00,утро,"Подъём, молоко",,12-16 ч,2,3-4 ч,https://iris.who.int/bitstreams/60a1cbaa-2bef-4251-9557-e52ce22112b3/download; https://www.cdc.gov/sleep/about/index.html; https://www.healthychildren.org/English/ages-stages/baby/sleep/Pages/a-parents-guide-to-safe-sleep.aspx
11,11 месяцев,2,08:00,10:00,еда/игра,Завтрак + игра,"Игры на причинно-следственные связи, прятки.",12-16 ч,2,3-4 ч,https://iris.who.int/bitstreams/60a1cbaa-2bef-4251-9557-e52ce22112b3/download; https://www.cdc.gov/sleep/about/index.html; https://www.healthychildren.org/English/ages-stages/baby/sleep/Pages/a-parents-guide-to-safe-sleep.aspx
11,11 месяцев,3,10:00,11:15,сон,Сон 1,,12-16 ч,2,3-4 ч,https://iris.who.int/bitstreams/60a1cbaa-2bef-4251-9557-e52ce22112b3/download; https://www.cdc.gov/sleep/about/index.html; https://www.healthychildren.org/English/ages-stages/baby/sleep/Pages/a-parents-guide-to-safe-sleep.aspx
11,11 месяцев,4,11:15,12:30,прогулка,Прогулка,,12-16 ч,2,3-4 ч,https://iris.who.int/bitstreams/60a1cbaa-2bef-4251-9557-e52ce22112b3/download; https://www.cdc.gov/sleep/about/index.html; https://www.healthychildren.org/English/ages-stages/baby/sleep/Pages/a-parents-guide-to-safe-sleep.aspx
11,11 месяцев,5,12:30,14:45,еда/игра,Обед + активность,,12-16 ч,2,3-4 ч,https://iris.who.int/bitstreams/60a1cbaa-2bef-4251-9557-e52ce22112b3/download; https://www.cdc.gov/sleep/about/index.html; https://www.healthychildren.org/English/ages-stages/baby/sleep/Pages/a-parents-guide-to-safe-sleep.aspx
11,11 месяцев,6,14:45,16:00,сон,Сон 2,,12-16 ч,2,3-4 ч,https://iris.who.int/bitstreams/60a1cbaa-2bef-4251-9557-e52ce22112b3/download; https://www.cdc.gov/sleep/about/index.html; https://www.healthychildren.org/English/ages-stages/baby/sleep/Pages/a-parents-guide-to-safe-sleep.aspx
11,11 месяцев,7,16:00,18:00,перекус/игра,Перекус/молоко + игры,"Ходьба с опорой, башни, книжки.",12-16 ч,2,3-4 ч,https://iris.who.int/bitstreams/60a1cbaa-2bef-4251-9557-e52ce22112b3/download; https://www.cdc.gov/sleep/about/index.html; https://www.healthychildren.org/English/ages-stages/baby/sleep/Pages/a-parents-guide-to-safe-sleep.aspx
11,11 месяцев,8,18:00,19:30,еда/вечер,Ужин + спокойное время,,12-16 ч,2,3-4 ч,https://iris.who.int/bitstreams/60a1cbaa-2bef-4251-9557-e52ce22112b3/download; https://www.cdc.gov/sleep/about/index.html; https://www.healthychildren.org/English/ages-stages/baby/sleep/Pages/a-parents-guide-to-safe-sleep.aspx
11,11 месяцев,9,19:30,20:00,ритуал,Книга/ванна/песня,,12-16 ч,2,3-4 ч,https://iris.who.int/bitstreams/60a1cbaa-2bef-4251-9557-e52ce22112b3/download; https://www.cdc.gov/sleep/about/index.html; https://www.healthychildren.org/English/ages-stages/baby/sleep/Pages/a-parents-guide-to-safe-sleep.aspx
11,11 месяцев,10,20:00,07:00,ночь,Ночной сон,,12-16 ч,2,3-4 ч,https://iris.who.int/bitstreams/60a1cbaa-2bef-4251-9557-e52ce22112b3/download; https://www.cdc.gov/sleep/about/index.html; https://www.healthychildren.org/English/ages-stages/baby/sleep/Pages/a-parents-guide-to-safe-sleep.aspx
12,12 месяцев,1,07:00,08:00,утро,"Подъём, завтрак",,11-14 ч,1-2,3-4.5 ч,https://iris.who.int/bitstreams/60a1cbaa-2bef-4251-9557-e52ce22112b3/download; https://www.cdc.gov/sleep/about/index.html; https://www.healthychildren.org/English/ages-stages/baby/sleep/Pages/a-parents-guide-to-safe-sleep.aspx
12,12 месяцев,2,08:00,10:00,игра/прогулка,Прогулка или активная игра,,11-14 ч,1-2,3-4.5 ч,https://iris.who.int/bitstreams/60a1cbaa-2bef-4251-9557-e52ce22112b3/download; https://www.cdc.gov/sleep/about/index.html; https://www.healthychildren.org/English/ages-stages/baby/sleep/Pages/a-parents-guide-to-safe-sleep.aspx
12,12 месяцев,3,10:00,11:15,сон,Сон 1,Если ребёнок уже на 1 сне — заменить тихой прогулкой.,11-14 ч,1-2,3-4.5 ч,https://iris.who.int/bitstreams/60a1cbaa-2bef-4251-9557-e52ce22112b3/download; https://www.cdc.gov/sleep/about/index.html; https://www.healthychildren.org/English/ages-stages/baby/sleep/Pages/a-parents-guide-to-safe-sleep.aspx
12,12 месяцев,4,11:15,12:30,перекус/игра,Перекус + игра,,11-14 ч,1-2,3-4.5 ч,https://iris.who.int/bitstreams/60a1cbaa-2bef-4251-9557-e52ce22112b3/download; https://www.cdc.gov/sleep/about/index.html; https://www.healthychildren.org/English/ages-stages/baby/sleep/Pages/a-parents-guide-to-safe-sleep.aspx
12,12 месяцев,5,12:30,15:00,еда/активность,Обед + активность,,11-14 ч,1-2,3-4.5 ч,https://iris.who.int/bitstreams/60a1cbaa-2bef-4251-9557-e52ce22112b3/download; https://www.cdc.gov/sleep/about/index.html; https://www.healthychildren.org/English/ages-stages/baby/sleep/Pages/a-parents-guide-to-safe-sleep.aspx
12,12 месяцев,6,15:00,16:00,сон,Сон 2 или тихий час,,11-14 ч,1-2,3-4.5 ч,https://iris.who.int/bitstreams/60a1cbaa-2bef-4251-9557-e52ce22112b3/download; https://www.cdc.gov/sleep/about/index.html; https://www.healthychildren.org/English/ages-stages/baby/sleep/Pages/a-parents-guide-to-safe-sleep.aspx
12,12 месяцев,7,16:00,18:00,перекус/игра,Перекус + игры,"Сортировка, книжки, первые ролевые игры.",11-14 ч,1-2,3-4.5 ч,https://iris.who.int/bitstreams/60a1cbaa-2bef-4251-9557-e52ce22112b3/download; https://www.cdc.gov/sleep/about/index.html; https://www.healthychildren.org/English/ages-stages/baby/sleep/Pages/a-parents-guide-to-safe-sleep.aspx
12,12 месяцев,8,18:00,19:30,еда/вечер,Ужин + спокойные игры,,11-14 ч,1-2,3-4.5 ч,https://iris.who.int/bitstreams/60a1cbaa-2bef-4251-9557-e52ce22112b3/download; https://www.cdc.gov/sleep/about/index.html; https://www.healthychildren.org/English/ages-stages/baby/sleep/Pages/a-parents-guide-to-safe-sleep.aspx
12,12 месяцев,9,19:30,20:00,ритуал,Вечерний ритуал,,11-14 ч,1-2,3-4.5 ч,https://iris.who.int/bitstreams/60a1cbaa-2bef-4251-9557-e52ce22112b3/download; https://www.cdc.gov/sleep/about/index.html; https://www.healthychildren.org/English/ages-stages/baby/sleep/Pages/a-parents-guide-to-safe-sleep.aspx
12,12 месяцев,10,20:00,07:00,ночь,Ночной сон,,11-14 ч,1-2,3-4.5 ч,https://iris.who.int/bitstreams/60a1cbaa-2bef-4251-9557-e52ce22112b3/download; https://www.cdc.gov/sleep/about/index.html; https://www.healthychildren.org/English/ages-stages/baby/sleep/Pages/a-parents-guide-to-safe-sleep.aspx
13,13 месяцев,1,07:00,08:00,утро,"Подъём, завтрак",,11-14 ч,1-2,3.5-4.5 ч,https://iris.who.int/bitstreams/60a1cbaa-2bef-4251-9557-e52ce22112b3/download; https://www.cdc.gov/sleep/about/index.html; https://www.healthychildren.org/English/ages-stages/baby/sleep/Pages/a-parents-guide-to-safe-sleep.aspx
13,13 месяцев,2,08:00,10:15,игра/прогулка,Активная прогулка,,11-14 ч,1-2,3.5-4.5 ч,https://iris.who.int/bitstreams/60a1cbaa-2bef-4251-9557-e52ce22112b3/download; https://www.cdc.gov/sleep/about/index.html; https://www.healthychildren.org/English/ages-stages/baby/sleep/Pages/a-parents-guide-to-safe-sleep.aspx
13,13 месяцев,3,10:15,11:00,сон,"Сон 1, если ещё нужен",При переходе на 1 сон заменить тихой активностью.,11-14 ч,1-2,3.5-4.5 ч,https://iris.who.int/bitstreams/60a1cbaa-2bef-4251-9557-e52ce22112b3/download; https://www.cdc.gov/sleep/about/index.html; https://www.healthychildren.org/English/ages-stages/baby/sleep/Pages/a-parents-guide-to-safe-sleep.aspx
13,13 месяцев,4,11:00,12:30,перекус/игра,Перекус + игра,,11-14 ч,1-2,3.5-4.5 ч,https://iris.who.int/bitstreams/60a1cbaa-2bef-4251-9557-e52ce22112b3/download; https://www.cdc.gov/sleep/about/index.html; https://www.healthychildren.org/English/ages-stages/baby/sleep/Pages/a-parents-guide-to-safe-sleep.aspx
13,13 месяцев,5,12:30,15:00,еда/активность,Обед + активность,,11-14 ч,1-2,3.5-4.5 ч,https://iris.who.int/bitstreams/60a1cbaa-2bef-4251-9557-e52ce22112b3/download; https://www.cdc.gov/sleep/about/index.html; https://www.healthychildren.org/English/ages-stages/baby/sleep/Pages/a-parents-guide-to-safe-sleep.aspx
13,13 месяцев,6,15:00,16:00,сон,Сон 2 короткий или основной сон,В переходный период возможны разные дни.,11-14 ч,1-2,3.5-4.5 ч,https://iris.who.int/bitstreams/60a1cbaa-2bef-4251-9557-e52ce22112b3/download; https://www.cdc.gov/sleep/about/index.html; https://www.healthychildren.org/English/ages-stages/baby/sleep/Pages/a-parents-guide-to-safe-sleep.aspx
13,13 месяцев,7,16:00,18:00,перекус/игра,Перекус + игры,,11-14 ч,1-2,3.5-4.5 ч,https://iris.who.int/bitstreams/60a1cbaa-2bef-4251-9557-e52ce22112b3/download; https://www.cdc.gov/sleep/about/index.html; https://www.healthychildren.org/English/ages-stages/baby/sleep/Pages/a-parents-guide-to-safe-sleep.aspx
13,13 месяцев,8,18:00,19:45,еда/вечер,Ужин + спокойное время,,11-14 ч,1-2,3.5-4.5 ч,https://iris.who.int/bitstreams/60a1cbaa-2bef-4251-9557-e52ce22112b3/download; https://www.cdc.gov/sleep/about/index.html; https://www.healthychildren.org/English/ages-stages/baby/sleep/Pages/a-parents-guide-to-safe-sleep.aspx
13,13 месяцев,9,19:45,07:00,ночь,Ночной сон,,11-14 ч,1-2,3.5-4.5 ч,https://iris.who.int/bitstreams/60a1cbaa-2bef-4251-9557-e52ce22112b3/download; https://www.cdc.gov/sleep/about/index.html; https://www.healthychildren.org/English/ages-stages/baby/sleep/Pages/a-parents-guide-to-safe-sleep.aspx
14,14 месяцев,1,07:00,08:00,утро,"Подъём, завтрак",,11-14 ч,1,4-5 ч,https://iris.who.int/bitstreams/60a1cbaa-2bef-4251-9557-e52ce22112b3/download; https://www.cdc.gov/sleep/about/index.html; https://www.healthychildren.org/English/ages-stages/baby/sleep/Pages/a-parents-guide-to-safe-sleep.aspx
14,14 месяцев,2,08:00,10:00,игра/прогулка,Активная игра/улица,,11-14 ч,1,4-5 ч,https://iris.who.int/bitstreams/60a1cbaa-2bef-4251-9557-e52ce22112b3/download; https://www.cdc.gov/sleep/about/index.html; https://www.healthychildren.org/English/ages-stages/baby/sleep/Pages/a-parents-guide-to-safe-sleep.aspx
14,14 месяцев,3,10:00,11:45,перекус/тихая активность,Перекус + спокойная игра,,11-14 ч,1,4-5 ч,https://iris.who.int/bitstreams/60a1cbaa-2bef-4251-9557-e52ce22112b3/download; https://www.cdc.gov/sleep/about/index.html; https://www.healthychildren.org/English/ages-stages/baby/sleep/Pages/a-parents-guide-to-safe-sleep.aspx
14,14 месяцев,4,11:45,12:30,еда,Обед,,11-14 ч,1,4-5 ч,https://iris.who.int/bitstreams/60a1cbaa-2bef-4251-9557-e52ce22112b3/download; https://www.cdc.gov/sleep/about/index.html; https://www.healthychildren.org/English/ages-stages/baby/sleep/Pages/a-parents-guide-to-safe-sleep.aspx
14,14 месяцев,5,12:30,14:30,сон,Дневной сон,,11-14 ч,1,4-5 ч,https://iris.who.int/bitstreams/60a1cbaa-2bef-4251-9557-e52ce22112b3/download; https://www.cdc.gov/sleep/about/index.html; https://www.healthychildren.org/English/ages-stages/baby/sleep/Pages/a-parents-guide-to-safe-sleep.aspx
14,14 месяцев,6,14:30,15:30,перекус,Перекус,,11-14 ч,1,4-5 ч,https://iris.who.int/bitstreams/60a1cbaa-2bef-4251-9557-e52ce22112b3/download; https://www.cdc.gov/sleep/about/index.html; https://www.healthychildren.org/English/ages-stages/baby/sleep/Pages/a-parents-guide-to-safe-sleep.aspx
14,14 месяцев,7,15:30,18:00,игра/прогулка,Вторая прогулка или игры дома,,11-14 ч,1,4-5 ч,https://iris.who.int/bitstreams/60a1cbaa-2bef-4251-9557-e52ce22112b3/download; https://www.cdc.gov/sleep/about/index.html; https://www.healthychildren.org/English/ages-stages/baby/sleep/Pages/a-parents-guide-to-safe-sleep.aspx
14,14 месяцев,8,18:00,19:30,еда/вечер,Ужин + спокойные игры,,11-14 ч,1,4-5 ч,https://iris.who.int/bitstreams/60a1cbaa-2bef-4251-9557-e52ce22112b3/download; https://www.cdc.gov/sleep/about/index.html; https://www.healthychildren.org/English/ages-stages/baby/sleep/Pages/a-parents-guide-to-safe-sleep.aspx
14,14 месяцев,9,19:30,20:00,ритуал,Книга/ванна/песня,,11-14 ч,1,4-5 ч,https://iris.who.int/bitstreams/60a1cbaa-2bef-4251-9557-e52ce22112b3/download; https://www.cdc.gov/sleep/about/index.html; https://www.healthychildren.org/English/ages-stages/baby/sleep/Pages/a-parents-guide-to-safe-sleep.aspx
14,14 месяцев,10,20:00,07:00,ночь,Ночной сон,,11-14 ч,1,4-5 ч,https://iris.who.int/bitstreams/60a1cbaa-2bef-4251-9557-e52ce22112b3/download; https://www.cdc.gov/sleep/about/index.html; https://www.healthychildren.org/English/ages-stages/baby/sleep/Pages/a-parents-guide-to-safe-sleep.aspx
15,15 месяцев,1,07:00,08:00,утро,"Подъём, завтрак",,11-14 ч,1,4.5-5.5 ч,https://iris.who.int/bitstreams/60a1cbaa-2bef-4251-9557-e52ce22112b3/download; https://www.cdc.gov/sleep/about/index.html; https://www.healthychildren.org/English/ages-stages/baby/sleep/Pages/a-parents-guide-to-safe-sleep.aspx
15,15 месяцев,2,08:00,10:00,игра/прогулка,Активная прогулка,"Площадка, ходьба, мяч.",11-14 ч,1,4.5-5.5 ч,https://iris.who.int/bitstreams/60a1cbaa-2bef-4251-9557-e52ce22112b3/download; https://www.cdc.gov/sleep/about/index.html; https://www.healthychildren.org/English/ages-stages/baby/sleep/Pages/a-parents-guide-to-safe-sleep.aspx
15,15 месяцев,3,10:00,11:45,перекус/игра,Перекус + игры дома,"Кубики, книжки, сортировка.",11-14 ч,1,4.5-5.5 ч,https://iris.who.int/bitstreams/60a1cbaa-2bef-4251-9557-e52ce22112b3/download; https://www.cdc.gov/sleep/about/index.html; https://www.healthychildren.org/English/ages-stages/baby/sleep/Pages/a-parents-guide-to-safe-sleep.aspx
15,15 месяцев,4,11:45,12:30,еда,Обед,,11-14 ч,1,4.5-5.5 ч,https://iris.who.int/bitstreams/60a1cbaa-2bef-4251-9557-e52ce22112b3/download; https://www.cdc.gov/sleep/about/index.html; https://www.healthychildren.org/English/ages-stages/baby/sleep/Pages/a-parents-guide-to-safe-sleep.aspx
15,15 месяцев,5,12:30,14:30,сон,Дневной сон,"Если сон короткий, вечернее укладывание раньше.",11-14 ч,1,4.5-5.5 ч,https://iris.who.int/bitstreams/60a1cbaa-2bef-4251-9557-e52ce22112b3/download; https://www.cdc.gov/sleep/about/index.html; https://www.healthychildren.org/English/ages-stages/baby/sleep/Pages/a-parents-guide-to-safe-sleep.aspx
15,15 месяцев,6,14:30,15:30,перекус,Перекус,,11-14 ч,1,4.5-5.5 ч,https://iris.who.int/bitstreams/60a1cbaa-2bef-4251-9557-e52ce22112b3/download; https://www.cdc.gov/sleep/about/index.html; https://www.healthychildren.org/English/ages-stages/baby/sleep/Pages/a-parents-guide-to-safe-sleep.aspx
15,15 месяцев,7,15:30,18:00,игра/прогулка,Игры/вторая прогулка,,11-14 ч,1,4.5-5.5 ч,https://iris.who.int/bitstreams/60a1cbaa-2bef-4251-9557-e52ce22112b3/download; https://www.cdc.gov/sleep/about/index.html; https://www.healthychildren.org/English/ages-stages/baby/sleep/Pages/a-parents-guide-to-safe-sleep.aspx
15,15 месяцев,8,18:00,19:30,еда/вечер,Ужин + спокойное время,,11-14 ч,1,4.5-5.5 ч,https://iris.who.int/bitstreams/60a1cbaa-2bef-4251-9557-e52ce22112b3/download; https://www.cdc.gov/sleep/about/index.html; https://www.healthychildren.org/English/ages-stages/baby/sleep/Pages/a-parents-guide-to-safe-sleep.aspx
15,15 месяцев,9,19:30,20:00,ритуал,Ритуал сна,,11-14 ч,1,4.5-5.5 ч,https://iris.who.int/bitstreams/60a1cbaa-2bef-4251-9557-e52ce22112b3/download; https://www.cdc.gov/sleep/about/index.html; https://www.healthychildren.org/English/ages-stages/baby/sleep/Pages/a-parents-guide-to-safe-sleep.aspx
15,15 месяцев,10,20:00,07:00,ночь,Ночной сон,,11-14 ч,1,4.5-5.5 ч,https://iris.who.int/bitstreams/60a1cbaa-2bef-4251-9557-e52ce22112b3/download; https://www.cdc.gov/sleep/about/index.html; https://www.healthychildren.org/English/ages-stages/baby/sleep/Pages/a-parents-guide-to-safe-sleep.aspx
16,16 месяцев,1,07:00,08:00,утро,"Подъём, завтрак",,11-14 ч,1,4.5-5.5 ч,https://iris.who.int/bitstreams/60a1cbaa-2bef-4251-9557-e52ce22112b3/download; https://www.cdc.gov/sleep/about/index.html; https://www.healthychildren.org/English/ages-stages/baby/sleep/Pages/a-parents-guide-to-safe-sleep.aspx
16,16 месяцев,2,08:00,10:00,игра/прогулка,Активная прогулка,"Площадка, ходьба, мяч.",11-14 ч,1,4.5-5.5 ч,https://iris.who.int/bitstreams/60a1cbaa-2bef-4251-9557-e52ce22112b3/download; https://www.cdc.gov/sleep/about/index.html; https://www.healthychildren.org/English/ages-stages/baby/sleep/Pages/a-parents-guide-to-safe-sleep.aspx
16,16 месяцев,3,10:00,11:45,перекус/игра,Перекус + игры дома,"Кубики, книжки, сортировка.",11-14 ч,1,4.5-5.5 ч,https://iris.who.int/bitstreams/60a1cbaa-2bef-4251-9557-e52ce22112b3/download; https://www.cdc.gov/sleep/about/index.html; https://www.healthychildren.org/English/ages-stages/baby/sleep/Pages/a-parents-guide-to-safe-sleep.aspx
16,16 месяцев,4,11:45,12:30,еда,Обед,,11-14 ч,1,4.5-5.5 ч,https://iris.who.int/bitstreams/60a1cbaa-2bef-4251-9557-e52ce22112b3/download; https://www.cdc.gov/sleep/about/index.html; https://www.healthychildren.org/English/ages-stages/baby/sleep/Pages/a-parents-guide-to-safe-sleep.aspx
16,16 месяцев,5,12:30,14:30,сон,Дневной сон,"Если сон короткий, вечернее укладывание раньше.",11-14 ч,1,4.5-5.5 ч,https://iris.who.int/bitstreams/60a1cbaa-2bef-4251-9557-e52ce22112b3/download; https://www.cdc.gov/sleep/about/index.html; https://www.healthychildren.org/English/ages-stages/baby/sleep/Pages/a-parents-guide-to-safe-sleep.aspx
16,16 месяцев,6,14:30,15:30,перекус,Перекус,,11-14 ч,1,4.5-5.5 ч,https://iris.who.int/bitstreams/60a1cbaa-2bef-4251-9557-e52ce22112b3/download; https://www.cdc.gov/sleep/about/index.html; https://www.healthychildren.org/English/ages-stages/baby/sleep/Pages/a-parents-guide-to-safe-sleep.aspx
16,16 месяцев,7,15:30,18:00,игра/прогулка,Игры/вторая прогулка,,11-14 ч,1,4.5-5.5 ч,https://iris.who.int/bitstreams/60a1cbaa-2bef-4251-9557-e52ce22112b3/download; https://www.cdc.gov/sleep/about/index.html; https://www.healthychildren.org/English/ages-stages/baby/sleep/Pages/a-parents-guide-to-safe-sleep.aspx
16,16 месяцев,8,18:00,19:30,еда/вечер,Ужин + спокойное время,,11-14 ч,1,4.5-5.5 ч,https://iris.who.int/bitstreams/60a1cbaa-2bef-4251-9557-e52ce22112b3/download; https://www.cdc.gov/sleep/about/index.html; https://www.healthychildren.org/English/ages-stages/baby/sleep/Pages/a-parents-guide-to-safe-sleep.aspx
16,16 месяцев,9,19:30,20:00,ритуал,Ритуал сна,,11-14 ч,1,4.5-5.5 ч,https://iris.who.int/bitstreams/60a1cbaa-2bef-4251-9557-e52ce22112b3/download; https://www.cdc.gov/sleep/about/index.html; https://www.healthychildren.org/English/ages-stages/baby/sleep/Pages/a-parents-guide-to-safe-sleep.aspx
16,16 месяцев,10,20:00,07:00,ночь,Ночной сон,,11-14 ч,1,4.5-5.5 ч,https://iris.who.int/bitstreams/60a1cbaa-2bef-4251-9557-e52ce22112b3/download; https://www.cdc.gov/sleep/about/index.html; https://www.healthychildren.org/English/ages-stages/baby/sleep/Pages/a-parents-guide-to-safe-sleep.aspx
17,17 месяцев,1,07:00,08:00,утро,"Подъём, завтрак",,11-14 ч,1,4.5-5.5 ч,https://iris.who.int/bitstreams/60a1cbaa-2bef-4251-9557-e52ce22112b3/download; https://www.cdc.gov/sleep/about/index.html; https://www.healthychildren.org/English/ages-stages/baby/sleep/Pages/a-parents-guide-to-safe-sleep.aspx
17,17 месяцев,2,08:00,10:00,игра/прогулка,Активная прогулка,"Площадка, ходьба, мяч.",11-14 ч,1,4.5-5.5 ч,https://iris.who.int/bitstreams/60a1cbaa-2bef-4251-9557-e52ce22112b3/download; https://www.cdc.gov/sleep/about/index.html; https://www.healthychildren.org/English/ages-stages/baby/sleep/Pages/a-parents-guide-to-safe-sleep.aspx
17,17 месяцев,3,10:00,11:45,перекус/игра,Перекус + игры дома,"Кубики, книжки, сортировка.",11-14 ч,1,4.5-5.5 ч,https://iris.who.int/bitstreams/60a1cbaa-2bef-4251-9557-e52ce22112b3/download; https://www.cdc.gov/sleep/about/index.html; https://www.healthychildren.org/English/ages-stages/baby/sleep/Pages/a-parents-guide-to-safe-sleep.aspx
17,17 месяцев,4,11:45,12:30,еда,Обед,,11-14 ч,1,4.5-5.5 ч,https://iris.who.int/bitstreams/60a1cbaa-2bef-4251-9557-e52ce22112b3/download; https://www.cdc.gov/sleep/about/index.html; https://www.healthychildren.org/English/ages-stages/baby/sleep/Pages/a-parents-guide-to-safe-sleep.aspx
17,17 месяцев,5,12:30,14:30,сон,Дневной сон,"Если сон короткий, вечернее укладывание раньше.",11-14 ч,1,4.5-5.5 ч,https://iris.who.int/bitstreams/60a1cbaa-2bef-4251-9557-e52ce22112b3/download; https://www.cdc.gov/sleep/about/index.html; https://www.healthychildren.org/English/ages-stages/baby/sleep/Pages/a-parents-guide-to-safe-sleep.aspx
17,17 месяцев,6,14:30,15:30,перекус,Перекус,,11-14 ч,1,4.5-5.5 ч,https://iris.who.int/bitstreams/60a1cbaa-2bef-4251-9557-e52ce22112b3/download; https://www.cdc.gov/sleep/about/index.html; https://www.healthychildren.org/English/ages-stages/baby/sleep/Pages/a-parents-guide-to-safe-sleep.aspx
17,17 месяцев,7,15:30,18:00,игра/прогулка,Игры/вторая прогулка,,11-14 ч,1,4.5-5.5 ч,https://iris.who.int/bitstreams/60a1cbaa-2bef-4251-9557-e52ce22112b3/download; https://www.cdc.gov/sleep/about/index.html; https://www.healthychildren.org/English/ages-stages/baby/sleep/Pages/a-parents-guide-to-safe-sleep.aspx
17,17 месяцев,8,18:00,19:30,еда/вечер,Ужин + спокойное время,,11-14 ч,1,4.5-5.5 ч,https://iris.who.int/bitstreams/60a1cbaa-2bef-4251-9557-e52ce22112b3/download; https://www.cdc.gov/sleep/about/index.html; https://www.healthychildren.org/English/ages-stages/baby/sleep/Pages/a-parents-guide-to-safe-sleep.aspx
17,17 месяцев,9,19:30,20:00,ритуал,Ритуал сна,,11-14 ч,1,4.5-5.5 ч,https://iris.who.int/bitstreams/60a1cbaa-2bef-4251-9557-e52ce22112b3/download; https://www.cdc.gov/sleep/about/index.html; https://www.healthychildren.org/English/ages-stages/baby/sleep/Pages/a-parents-guide-to-safe-sleep.aspx
17,17 месяцев,10,20:00,07:00,ночь,Ночной сон,,11-14 ч,1,4.5-5.5 ч,https://iris.who.int/bitstreams/60a1cbaa-2bef-4251-9557-e52ce22112b3/download; https://www.cdc.gov/sleep/about/index.html; https://www.healthychildren.org/English/ages-stages/baby/sleep/Pages/a-parents-guide-to-safe-sleep.aspx
18,18 месяцев,1,07:00,08:00,утро,"Подъём, завтрак",,11-14 ч,1,5-6.5 ч,https://iris.who.int/bitstreams/60a1cbaa-2bef-4251-9557-e52ce22112b3/download; https://www.cdc.gov/sleep/about/index.html; https://www.healthychildren.org/English/ages-stages/baby/sleep/Pages/a-parents-guide-to-safe-sleep.aspx
18,18 месяцев,2,08:00,10:00,игра/прогулка,Активная прогулка,"Площадка, бег, лазание под присмотром.",11-14 ч,1,5-6.5 ч,https://iris.who.int/bitstreams/60a1cbaa-2bef-4251-9557-e52ce22112b3/download; https://www.cdc.gov/sleep/about/index.html; https://www.healthychildren.org/English/ages-stages/baby/sleep/Pages/a-parents-guide-to-safe-sleep.aspx
18,18 месяцев,3,10:00,11:45,перекус/игра,Перекус + развивающие игры,"Ролевые игры, книжки, пазлы 2-4 детали, рисование.",11-14 ч,1,5-6.5 ч,https://iris.who.int/bitstreams/60a1cbaa-2bef-4251-9557-e52ce22112b3/download; https://www.cdc.gov/sleep/about/index.html; https://www.healthychildren.org/English/ages-stages/baby/sleep/Pages/a-parents-guide-to-safe-sleep.aspx
18,18 месяцев,4,11:45,12:30,еда,Обед,,11-14 ч,1,5-6.5 ч,https://iris.who.int/bitstreams/60a1cbaa-2bef-4251-9557-e52ce22112b3/download; https://www.cdc.gov/sleep/about/index.html; https://www.healthychildren.org/English/ages-stages/baby/sleep/Pages/a-parents-guide-to-safe-sleep.aspx
18,18 месяцев,5,12:30,14:00,сон,Дневной сон,"Обычно 1-2 часа; если вечер тяжёлый, можно 14:30.",11-14 ч,1,5-6.5 ч,https://iris.who.int/bitstreams/60a1cbaa-2bef-4251-9557-e52ce22112b3/download; https://www.cdc.gov/sleep/about/index.html; https://www.healthychildren.org/English/ages-stages/baby/sleep/Pages/a-parents-guide-to-safe-sleep.aspx
18,18 месяцев,6,14:00,15:00,тихий переход,Просыпание + перекус,,11-14 ч,1,5-6.5 ч,https://iris.who.int/bitstreams/60a1cbaa-2bef-4251-9557-e52ce22112b3/download; https://www.cdc.gov/sleep/about/index.html; https://www.healthychildren.org/English/ages-stages/baby/sleep/Pages/a-parents-guide-to-safe-sleep.aspx
18,18 месяцев,7,15:00,18:00,игра/прогулка,Игры или прогулка,,11-14 ч,1,5-6.5 ч,https://iris.who.int/bitstreams/60a1cbaa-2bef-4251-9557-e52ce22112b3/download; https://www.cdc.gov/sleep/about/index.html; https://www.healthychildren.org/English/ages-stages/baby/sleep/Pages/a-parents-guide-to-safe-sleep.aspx
18,18 месяцев,8,18:00,19:30,еда/вечер,Ужин + спокойное время,,11-14 ч,1,5-6.5 ч,https://iris.who.int/bitstreams/60a1cbaa-2bef-4251-9557-e52ce22112b3/download; https://www.cdc.gov/sleep/about/index.html; https://www.healthychildren.org/English/ages-stages/baby/sleep/Pages/a-parents-guide-to-safe-sleep.aspx
18,18 месяцев,9,19:30,20:00,ритуал,Книга/ванна/песня,"Стабильный ритуал, без экранов перед сном.",11-14 ч,1,5-6.5 ч,https://iris.who.int/bitstreams/60a1cbaa-2bef-4251-9557-e52ce22112b3/download; https://www.cdc.gov/sleep/about/index.html; https://www.healthychildren.org/English/ages-stages/baby/sleep/Pages/a-parents-guide-to-safe-sleep.aspx
18,18 месяцев,10,20:00,07:00,ночь,Ночной сон,,11-14 ч,1,5-6.5 ч,https://iris.who.int/bitstreams/60a1cbaa-2bef-4251-9557-e52ce22112b3/download; https://www.cdc.gov/sleep/about/index.html; https://www.healthychildren.org/English/ages-stages/baby/sleep/Pages/a-parents-guide-to-safe-sleep.aspx
19,19 месяцев,1,07:00,08:00,утро,"Подъём, завтрак",,11-14 ч,1,5-6.5 ч,https://iris.who.int/bitstreams/60a1cbaa-2bef-4251-9557-e52ce22112b3/download; https://www.cdc.gov/sleep/about/index.html; https://www.healthychildren.org/English/ages-stages/baby/sleep/Pages/a-parents-guide-to-safe-sleep.aspx
19,19 месяцев,2,08:00,10:00,игра/прогулка,Активная прогулка,"Площадка, бег, лазание под присмотром.",11-14 ч,1,5-6.5 ч,https://iris.who.int/bitstreams/60a1cbaa-2bef-4251-9557-e52ce22112b3/download; https://www.cdc.gov/sleep/about/index.html; https://www.healthychildren.org/English/ages-stages/baby/sleep/Pages/a-parents-guide-to-safe-sleep.aspx
19,19 месяцев,3,10:00,11:45,перекус/игра,Перекус + развивающие игры,"Ролевые игры, книжки, пазлы 2-4 детали, рисование.",11-14 ч,1,5-6.5 ч,https://iris.who.int/bitstreams/60a1cbaa-2bef-4251-9557-e52ce22112b3/download; https://www.cdc.gov/sleep/about/index.html; https://www.healthychildren.org/English/ages-stages/baby/sleep/Pages/a-parents-guide-to-safe-sleep.aspx
19,19 месяцев,4,11:45,12:30,еда,Обед,,11-14 ч,1,5-6.5 ч,https://iris.who.int/bitstreams/60a1cbaa-2bef-4251-9557-e52ce22112b3/download; https://www.cdc.gov/sleep/about/index.html; https://www.healthychildren.org/English/ages-stages/baby/sleep/Pages/a-parents-guide-to-safe-sleep.aspx
19,19 месяцев,5,12:30,14:00,сон,Дневной сон,"Обычно 1-2 часа; если вечер тяжёлый, можно 14:30.",11-14 ч,1,5-6.5 ч,https://iris.who.int/bitstreams/60a1cbaa-2bef-4251-9557-e52ce22112b3/download; https://www.cdc.gov/sleep/about/index.html; https://www.healthychildren.org/English/ages-stages/baby/sleep/Pages/a-parents-guide-to-safe-sleep.aspx
19,19 месяцев,6,14:00,15:00,тихий переход,Просыпание + перекус,,11-14 ч,1,5-6.5 ч,https://iris.who.int/bitstreams/60a1cbaa-2bef-4251-9557-e52ce22112b3/download; https://www.cdc.gov/sleep/about/index.html; https://www.healthychildren.org/English/ages-stages/baby/sleep/Pages/a-parents-guide-to-safe-sleep.aspx
19,19 месяцев,7,15:00,18:00,игра/прогулка,Игры или прогулка,,11-14 ч,1,5-6.5 ч,https://iris.who.int/bitstreams/60a1cbaa-2bef-4251-9557-e52ce22112b3/download; https://www.cdc.gov/sleep/about/index.html; https://www.healthychildren.org/English/ages-stages/baby/sleep/Pages/a-parents-guide-to-safe-sleep.aspx
19,19 месяцев,8,18:00,19:30,еда/вечер,Ужин + спокойное время,,11-14 ч,1,5-6.5 ч,https://iris.who.int/bitstreams/60a1cbaa-2bef-4251-9557-e52ce22112b3/download; https://www.cdc.gov/sleep/about/index.html; https://www.healthychildren.org/English/ages-stages/baby/sleep/Pages/a-parents-guide-to-safe-sleep.aspx
19,19 месяцев,9,19:30,20:00,ритуал,Книга/ванна/песня,"Стабильный ритуал, без экранов перед сном.",11-14 ч,1,5-6.5 ч,https://iris.who.int/bitstreams/60a1cbaa-2bef-4251-9557-e52ce22112b3/download; https://www.cdc.gov/sleep/about/index.html; https://www.healthychildren.org/English/ages-stages/baby/sleep/Pages/a-parents-guide-to-safe-sleep.aspx
19,19 месяцев,10,20:00,07:00,ночь,Ночной сон,,11-14 ч,1,5-6.5 ч,https://iris.who.int/bitstreams/60a1cbaa-2bef-4251-9557-e52ce22112b3/download; https://www.cdc.gov/sleep/about/index.html; https://www.healthychildren.org/English/ages-stages/baby/sleep/Pages/a-parents-guide-to-safe-sleep.aspx
20,20 месяцев,1,07:00,08:00,утро,"Подъём, завтрак",,11-14 ч,1,5-6.5 ч,https://iris.who.int/bitstreams/60a1cbaa-2bef-4251-9557-e52ce22112b3/download; https://www.cdc.gov/sleep/about/index.html; https://www.healthychildren.org/English/ages-stages/baby/sleep/Pages/a-parents-guide-to-safe-sleep.aspx
20,20 месяцев,2,08:00,10:00,игра/прогулка,Активная прогулка,"Площадка, бег, лазание под присмотром.",11-14 ч,1,5-6.5 ч,https://iris.who.int/bitstreams/60a1cbaa-2bef-4251-9557-e52ce22112b3/download; https://www.cdc.gov/sleep/about/index.html; https://www.healthychildren.org/English/ages-stages/baby/sleep/Pages/a-parents-guide-to-safe-sleep.aspx
20,20 месяцев,3,10:00,11:45,перекус/игра,Перекус + развивающие игры,"Ролевые игры, книжки, пазлы 2-4 детали, рисование.",11-14 ч,1,5-6.5 ч,https://iris.who.int/bitstreams/60a1cbaa-2bef-4251-9557-e52ce22112b3/download; https://www.cdc.gov/sleep/about/index.html; https://www.healthychildren.org/English/ages-stages/baby/sleep/Pages/a-parents-guide-to-safe-sleep.aspx
20,20 месяцев,4,11:45,12:30,еда,Обед,,11-14 ч,1,5-6.5 ч,https://iris.who.int/bitstreams/60a1cbaa-2bef-4251-9557-e52ce22112b3/download; https://www.cdc.gov/sleep/about/index.html; https://www.healthychildren.org/English/ages-stages/baby/sleep/Pages/a-parents-guide-to-safe-sleep.aspx
20,20 месяцев,5,12:30,14:00,сон,Дневной сон,"Обычно 1-2 часа; если вечер тяжёлый, можно 14:30.",11-14 ч,1,5-6.5 ч,https://iris.who.int/bitstreams/60a1cbaa-2bef-4251-9557-e52ce22112b3/download; https://www.cdc.gov/sleep/about/index.html; https://www.healthychildren.org/English/ages-stages/baby/sleep/Pages/a-parents-guide-to-safe-sleep.aspx
20,20 месяцев,6,14:00,15:00,тихий переход,Просыпание + перекус,,11-14 ч,1,5-6.5 ч,https://iris.who.int/bitstreams/60a1cbaa-2bef-4251-9557-e52ce22112b3/download; https://www.cdc.gov/sleep/about/index.html; https://www.healthychildren.org/English/ages-stages/baby/sleep/Pages/a-parents-guide-to-safe-sleep.aspx
20,20 месяцев,7,15:00,18:00,игра/прогулка,Игры или прогулка,,11-14 ч,1,5-6.5 ч,https://iris.who.int/bitstreams/60a1cbaa-2bef-4251-9557-e52ce22112b3/download; https://www.cdc.gov/sleep/about/index.html; https://www.healthychildren.org/English/ages-stages/baby/sleep/Pages/a-parents-guide-to-safe-sleep.aspx
20,20 месяцев,8,18:00,19:30,еда/вечер,Ужин + спокойное время,,11-14 ч,1,5-6.5 ч,https://iris.who.int/bitstreams/60a1cbaa-2bef-4251-9557-e52ce22112b3/download; https://www.cdc.gov/sleep/about/index.html; https://www.healthychildren.org/English/ages-stages/baby/sleep/Pages/a-parents-guide-to-safe-sleep.aspx
20,20 месяцев,9,19:30,20:00,ритуал,Книга/ванна/песня,"Стабильный ритуал, без экранов перед сном.",11-14 ч,1,5-6.5 ч,https://iris.who.int/bitstreams/60a1cbaa-2bef-4251-9557-e52ce22112b3/download; https://www.cdc.gov/sleep/about/index.html; https://www.healthychildren.org/English/ages-stages/baby/sleep/Pages/a-parents-guide-to-safe-sleep.aspx
20,20 месяцев,10,20:00,07:00,ночь,Ночной сон,,11-14 ч,1,5-6.5 ч,https://iris.who.int/bitstreams/60a1cbaa-2bef-4251-9557-e52ce22112b3/download; https://www.cdc.gov/sleep/about/index.html; https://www.healthychildren.org/English/ages-stages/baby/sleep/Pages/a-parents-guide-to-safe-sleep.aspx
21,21 месяцев,1,07:00,08:00,утро,"Подъём, завтрак",,11-14 ч,1,5-6.5 ч,https://iris.who.int/bitstreams/60a1cbaa-2bef-4251-9557-e52ce22112b3/download; https://www.cdc.gov/sleep/about/index.html; https://www.healthychildren.org/English/ages-stages/baby/sleep/Pages/a-parents-guide-to-safe-sleep.aspx
21,21 месяцев,2,08:00,10:00,игра/прогулка,Активная прогулка,"Площадка, бег, лазание под присмотром.",11-14 ч,1,5-6.5 ч,https://iris.who.int/bitstreams/60a1cbaa-2bef-4251-9557-e52ce22112b3/download; https://www.cdc.gov/sleep/about/index.html; https://www.healthychildren.org/English/ages-stages/baby/sleep/Pages/a-parents-guide-to-safe-sleep.aspx
21,21 месяцев,3,10:00,11:45,перекус/игра,Перекус + развивающие игры,"Ролевые игры, книжки, пазлы 2-4 детали, рисование.",11-14 ч,1,5-6.5 ч,https://iris.who.int/bitstreams/60a1cbaa-2bef-4251-9557-e52ce22112b3/download; https://www.cdc.gov/sleep/about/index.html; https://www.healthychildren.org/English/ages-stages/baby/sleep/Pages/a-parents-guide-to-safe-sleep.aspx
21,21 месяцев,4,11:45,12:30,еда,Обед,,11-14 ч,1,5-6.5 ч,https://iris.who.int/bitstreams/60a1cbaa-2bef-4251-9557-e52ce22112b3/download; https://www.cdc.gov/sleep/about/index.html; https://www.healthychildren.org/English/ages-stages/baby/sleep/Pages/a-parents-guide-to-safe-sleep.aspx
21,21 месяцев,5,12:30,14:00,сон,Дневной сон,"Обычно 1-2 часа; если вечер тяжёлый, можно 14:30.",11-14 ч,1,5-6.5 ч,https://iris.who.int/bitstreams/60a1cbaa-2bef-4251-9557-e52ce22112b3/download; https://www.cdc.gov/sleep/about/index.html; https://www.healthychildren.org/English/ages-stages/baby/sleep/Pages/a-parents-guide-to-safe-sleep.aspx
21,21 месяцев,6,14:00,15:00,тихий переход,Просыпание + перекус,,11-14 ч,1,5-6.5 ч,https://iris.who.int/bitstreams/60a1cbaa-2bef-4251-9557-e52ce22112b3/download; https://www.cdc.gov/sleep/about/index.html; https://www.healthychildren.org/English/ages-stages/baby/sleep/Pages/a-parents-guide-to-safe-sleep.aspx
21,21 месяцев,7,15:00,18:00,игра/прогулка,Игры или прогулка,,11-14 ч,1,5-6.5 ч,https://iris.who.int/bitstreams/60a1cbaa-2bef-4251-9557-e52ce22112b3/download; https://www.cdc.gov/sleep/about/index.html; https://www.healthychildren.org/English/ages-stages/baby/sleep/Pages/a-parents-guide-to-safe-sleep.aspx
21,21 месяцев,8,18:00,19:30,еда/вечер,Ужин + спокойное время,,11-14 ч,1,5-6.5 ч,https://iris.who.int/bitstreams/60a1cbaa-2bef-4251-9557-e52ce22112b3/download; https://www.cdc.gov/sleep/about/index.html; https://www.healthychildren.org/English/ages-stages/baby/sleep/Pages/a-parents-guide-to-safe-sleep.aspx
21,21 месяцев,9,19:30,20:00,ритуал,Книга/ванна/песня,"Стабильный ритуал, без экранов перед сном.",11-14 ч,1,5-6.5 ч,https://iris.who.int/bitstreams/60a1cbaa-2bef-4251-9557-e52ce22112b3/download; https://www.cdc.gov/sleep/about/index.html; https://www.healthychildren.org/English/ages-stages/baby/sleep/Pages/a-parents-guide-to-safe-sleep.aspx
21,21 месяцев,10,20:00,07:00,ночь,Ночной сон,,11-14 ч,1,5-6.5 ч,https://iris.who.int/bitstreams/60a1cbaa-2bef-4251-9557-e52ce22112b3/download; https://www.cdc.gov/sleep/about/index.html; https://www.healthychildren.org/English/ages-stages/baby/sleep/Pages/a-parents-guide-to-safe-sleep.aspx
22,22 месяцев,1,07:00,08:00,утро,"Подъём, завтрак",,11-14 ч,1,5-6.5 ч,https://iris.who.int/bitstreams/60a1cbaa-2bef-4251-9557-e52ce22112b3/download; https://www.cdc.gov/sleep/about/index.html; https://www.healthychildren.org/English/ages-stages/baby/sleep/Pages/a-parents-guide-to-safe-sleep.aspx
22,22 месяцев,2,08:00,10:00,игра/прогулка,Активная прогулка,"Площадка, бег, лазание под присмотром.",11-14 ч,1,5-6.5 ч,https://iris.who.int/bitstreams/60a1cbaa-2bef-4251-9557-e52ce22112b3/download; https://www.cdc.gov/sleep/about/index.html; https://www.healthychildren.org/English/ages-stages/baby/sleep/Pages/a-parents-guide-to-safe-sleep.aspx
22,22 месяцев,3,10:00,11:45,перекус/игра,Перекус + развивающие игры,"Ролевые игры, книжки, пазлы 2-4 детали, рисование.",11-14 ч,1,5-6.5 ч,https://iris.who.int/bitstreams/60a1cbaa-2bef-4251-9557-e52ce22112b3/download; https://www.cdc.gov/sleep/about/index.html; https://www.healthychildren.org/English/ages-stages/baby/sleep/Pages/a-parents-guide-to-safe-sleep.aspx
22,22 месяцев,4,11:45,12:30,еда,Обед,,11-14 ч,1,5-6.5 ч,https://iris.who.int/bitstreams/60a1cbaa-2bef-4251-9557-e52ce22112b3/download; https://www.cdc.gov/sleep/about/index.html; https://www.healthychildren.org/English/ages-stages/baby/sleep/Pages/a-parents-guide-to-safe-sleep.aspx
22,22 месяцев,5,12:30,14:00,сон,Дневной сон,"Обычно 1-2 часа; если вечер тяжёлый, можно 14:30.",11-14 ч,1,5-6.5 ч,https://iris.who.int/bitstreams/60a1cbaa-2bef-4251-9557-e52ce22112b3/download; https://www.cdc.gov/sleep/about/index.html; https://www.healthychildren.org/English/ages-stages/baby/sleep/Pages/a-parents-guide-to-safe-sleep.aspx
22,22 месяцев,6,14:00,15:00,тихий переход,Просыпание + перекус,,11-14 ч,1,5-6.5 ч,https://iris.who.int/bitstreams/60a1cbaa-2bef-4251-9557-e52ce22112b3/download; https://www.cdc.gov/sleep/about/index.html; https://www.healthychildren.org/English/ages-stages/baby/sleep/Pages/a-parents-guide-to-safe-sleep.aspx
22,22 месяцев,7,15:00,18:00,игра/прогулка,Игры или прогулка,,11-14 ч,1,5-6.5 ч,https://iris.who.int/bitstreams/60a1cbaa-2bef-4251-9557-e52ce22112b3/download; https://www.cdc.gov/sleep/about/index.html; https://www.healthychildren.org/English/ages-stages/baby/sleep/Pages/a-parents-guide-to-safe-sleep.aspx
22,22 месяцев,8,18:00,19:30,еда/вечер,Ужин + спокойное время,,11-14 ч,1,5-6.5 ч,https://iris.who.int/bitstreams/60a1cbaa-2bef-4251-9557-e52ce22112b3/download; https://www.cdc.gov/sleep/about/index.html; https://www.healthychildren.org/English/ages-stages/baby/sleep/Pages/a-parents-guide-to-safe-sleep.aspx
22,22 месяцев,9,19:30,20:00,ритуал,Книга/ванна/песня,"Стабильный ритуал, без экранов перед сном.",11-14 ч,1,5-6.5 ч,https://iris.who.int/bitstreams/60a1cbaa-2bef-4251-9557-e52ce22112b3/download; https://www.cdc.gov/sleep/about/index.html; https://www.healthychildren.org/English/ages-stages/baby/sleep/Pages/a-parents-guide-to-safe-sleep.aspx
22,22 месяцев,10,20:00,07:00,ночь,Ночной сон,,11-14 ч,1,5-6.5 ч,https://iris.who.int/bitstreams/60a1cbaa-2bef-4251-9557-e52ce22112b3/download; https://www.cdc.gov/sleep/about/index.html; https://www.healthychildren.org/English/ages-stages/baby/sleep/Pages/a-parents-guide-to-safe-sleep.aspx
23,23 месяцев,1,07:00,08:00,утро,"Подъём, завтрак",,11-14 ч,1,5-6.5 ч,https://iris.who.int/bitstreams/60a1cbaa-2bef-4251-9557-e52ce22112b3/download; https://www.cdc.gov/sleep/about/index.html; https://www.healthychildren.org/English/ages-stages/baby/sleep/Pages/a-parents-guide-to-safe-sleep.aspx
23,23 месяцев,2,08:00,10:00,игра/прогулка,Активная прогулка,"Площадка, бег, лазание под присмотром.",11-14 ч,1,5-6.5 ч,https://iris.who.int/bitstreams/60a1cbaa-2bef-4251-9557-e52ce22112b3/download; https://www.cdc.gov/sleep/about/index.html; https://www.healthychildren.org/English/ages-stages/baby/sleep/Pages/a-parents-guide-to-safe-sleep.aspx
23,23 месяцев,3,10:00,11:45,перекус/игра,Перекус + развивающие игры,"Ролевые игры, книжки, пазлы 2-4 детали, рисование.",11-14 ч,1,5-6.5 ч,https://iris.who.int/bitstreams/60a1cbaa-2bef-4251-9557-e52ce22112b3/download; https://www.cdc.gov/sleep/about/index.html; https://www.healthychildren.org/English/ages-stages/baby/sleep/Pages/a-parents-guide-to-safe-sleep.aspx
23,23 месяцев,4,11:45,12:30,еда,Обед,,11-14 ч,1,5-6.5 ч,https://iris.who.int/bitstreams/60a1cbaa-2bef-4251-9557-e52ce22112b3/download; https://www.cdc.gov/sleep/about/index.html; https://www.healthychildren.org/English/ages-stages/baby/sleep/Pages/a-parents-guide-to-safe-sleep.aspx
23,23 месяцев,5,12:30,14:00,сон,Дневной сон,"Обычно 1-2 часа; если вечер тяжёлый, можно 14:30.",11-14 ч,1,5-6.5 ч,https://iris.who.int/bitstreams/60a1cbaa-2bef-4251-9557-e52ce22112b3/download; https://www.cdc.gov/sleep/about/index.html; https://www.healthychildren.org/English/ages-stages/baby/sleep/Pages/a-parents-guide-to-safe-sleep.aspx
23,23 месяцев,6,14:00,15:00,тихий переход,Просыпание + перекус,,11-14 ч,1,5-6.5 ч,https://iris.who.int/bitstreams/60a1cbaa-2bef-4251-9557-e52ce22112b3/download; https://www.cdc.gov/sleep/about/index.html; https://www.healthychildren.org/English/ages-stages/baby/sleep/Pages/a-parents-guide-to-safe-sleep.aspx
23,23 месяцев,7,15:00,18:00,игра/прогулка,Игры или прогулка,,11-14 ч,1,5-6.5 ч,https://iris.who.int/bitstreams/60a1cbaa-2bef-4251-9557-e52ce22112b3/download; https://www.cdc.gov/sleep/about/index.html; https://www.healthychildren.org/English/ages-stages/baby/sleep/Pages/a-parents-guide-to-safe-sleep.aspx
23,23 месяцев,8,18:00,19:30,еда/вечер,Ужин + спокойное время,,11-14 ч,1,5-6.5 ч,https://iris.who.int/bitstreams/60a1cbaa-2bef-4251-9557-e52ce22112b3/download; https://www.cdc.gov/sleep/about/index.html; https://www.healthychildren.org/English/ages-stages/baby/sleep/Pages/a-parents-guide-to-safe-sleep.aspx
23,23 месяцев,9,19:30,20:00,ритуал,Книга/ванна/песня,"Стабильный ритуал, без экранов перед сном.",11-14 ч,1,5-6.5 ч,https://iris.who.int/bitstreams/60a1cbaa-2bef-4251-9557-e52ce22112b3/download; https://www.cdc.gov/sleep/about/index.html; https://www.healthychildren.org/English/ages-stages/baby/sleep/Pages/a-parents-guide-to-safe-sleep.aspx
23,23 месяцев,10,20:00,07:00,ночь,Ночной сон,,11-14 ч,1,5-6.5 ч,https://iris.who.int/bitstreams/60a1cbaa-2bef-4251-9557-e52ce22112b3/download; https://www.cdc.gov/sleep/about/index.html; https://www.healthychildren.org/English/ages-stages/baby/sleep/Pages/a-parents-guide-to-safe-sleep.aspx
24,24 месяцев,1,07:00,08:00,утро,"Подъём, завтрак",,11-14 ч,1,5-6.5 ч,https://iris.who.int/bitstreams/60a1cbaa-2bef-4251-9557-e52ce22112b3/download; https://www.cdc.gov/sleep/about/index.html; https://www.healthychildren.org/English/ages-stages/baby/sleep/Pages/a-parents-guide-to-safe-sleep.aspx
24,24 месяцев,2,08:00,10:00,игра/прогулка,Активная прогулка,"Площадка, бег, лазание под присмотром.",11-14 ч,1,5-6.5 ч,https://iris.who.int/bitstreams/60a1cbaa-2bef-4251-9557-e52ce22112b3/download; https://www.cdc.gov/sleep/about/index.html; https://www.healthychildren.org/English/ages-stages/baby/sleep/Pages/a-parents-guide-to-safe-sleep.aspx
24,24 месяцев,3,10:00,11:45,перекус/игра,Перекус + развивающие игры,"Ролевые игры, книжки, пазлы 2-4 детали, рисование.",11-14 ч,1,5-6.5 ч,https://iris.who.int/bitstreams/60a1cbaa-2bef-4251-9557-e52ce22112b3/download; https://www.cdc.gov/sleep/about/index.html; https://www.healthychildren.org/English/ages-stages/baby/sleep/Pages/a-parents-guide-to-safe-sleep.aspx
24,24 месяцев,4,11:45,12:30,еда,Обед,,11-14 ч,1,5-6.5 ч,https://iris.who.int/bitstreams/60a1cbaa-2bef-4251-9557-e52ce22112b3/download; https://www.cdc.gov/sleep/about/index.html; https://www.healthychildren.org/English/ages-stages/baby/sleep/Pages/a-parents-guide-to-safe-sleep.aspx
24,24 месяцев,5,12:30,14:00,сон,Дневной сон,"Обычно 1-2 часа; если вечер тяжёлый, можно 14:30.",11-14 ч,1,5-6.5 ч,https://iris.who.int/bitstreams/60a1cbaa-2bef-4251-9557-e52ce22112b3/download; https://www.cdc.gov/sleep/about/index.html; https://www.healthychildren.org/English/ages-stages/baby/sleep/Pages/a-parents-guide-to-safe-sleep.aspx
24,24 месяцев,6,14:00,15:00,тихий переход,Просыпание + перекус,,11-14 ч,1,5-6.5 ч,https://iris.who.int/bitstreams/60a1cbaa-2bef-4251-9557-e52ce22112b3/download; https://www.cdc.gov/sleep/about/index.html; https://www.healthychildren.org/English/ages-stages/baby/sleep/Pages/a-parents-guide-to-safe-sleep.aspx
24,24 месяцев,7,15:00,18:00,игра/прогулка,Игры или прогулка,,11-14 ч,1,5-6.5 ч,https://iris.who.int/bitstreams/60a1cbaa-2bef-4251-9557-e52ce22112b3/download; https://www.cdc.gov/sleep/about/index.html; https://www.healthychildren.org/English/ages-stages/baby/sleep/Pages/a-parents-guide-to-safe-sleep.aspx
24,24 месяцев,8,18:00,19:30,еда/вечер,Ужин + спокойное время,,11-14 ч,1,5-6.5 ч,https://iris.who.int/bitstreams/60a1cbaa-2bef-4251-9557-e52ce22112b3/download; https://www.cdc.gov/sleep/about/index.html; https://www.healthychildren.org/English/ages-stages/baby/sleep/Pages/a-parents-guide-to-safe-sleep.aspx
24,24 месяцев,9,19:30,20:00,ритуал,Книга/ванна/песня,"Стабильный ритуал, без экранов перед сном.",11-14 ч,1,5-6.5 ч,https://iris.who.int/bitstreams/60a1cbaa-2bef-4251-9557-e52ce22112b3/download; https://www.cdc.gov/sleep/about/index.html; https://www.healthychildren.org/English/ages-stages/baby/sleep/Pages/a-parents-guide-to-safe-sleep.aspx
24,24 месяцев,10,20:00,07:00,ночь,Ночной сон,,11-14 ч,1,5-6.5 ч,https://iris.who.int/bitstreams/60a1cbaa-2bef-4251-9557-e52ce22112b3/download; https://www.cdc.gov/sleep/about/index.html; https://www.healthychildren.org/English/ages-stages/baby/sleep/Pages/a-parents-guide-to-safe-sleep.aspx
